"sampleid","PHt","Hs_obs","Hs_exp","IR","HL","UTMX","UTMY","pop","Buffer_15km","PHt.HotCold"
"Dh_11.285",0.24328678839957,"1.03038364668742","0.923039921636424","0.0779700225461425","0.676670168329178",692293.880656186,7739009.91970929,"Poondano","B15.20",0.261594671009105
"Dh_11.292",0.252416756176155,"1.06900715136046","0.95776553761408","0.0338323744318984","0.656721105320928",690400.736643163,7731801.14977513,"Poondano","B15.20",0.595880398709506
"Dh_11.307",0.251814028486966,"1.06612870935216","0.955161008825762","0.0295959696715118","0.657164529030049",690783.955655872,7737137.0805454,"Poondano","B15.20",0.573812055302812
"Dh_11.309",0.238633306429917,"1.01023631197566","0.905464509209835","0.0840824863986441","0.681474347934048",690385.350031973,7731872.24950653,"Poondano","B15.20",0.0912115278664024
"Dh_11.310",0.235610543302851,"0.997001265791779","0.893237426518781","0.089578226804573","0.680728105548748",690460.304908031,7730692.78003134,"Poondano","B15.20",-0.0194642813285298
"Dh_11.335",0.250738255033557,"1.06193057150756","0.951431905424745","0.0505907142397213","0.665874799165389",690483.537552322,7737084.52994338,"Poondano","B15.20",0.534423557937479
"Dh_11.337",0.251676951972095,"1.06591410822777","0.954564772281216","0.0343104812484444","0.664358185992115",690397.347205857,7731995.60031336,"Poondano","B15.20",0.56879311945927
"Dh_11.338",0.236114837671049,"0.999715613475794","0.89544431533187","0.0971304645414138","0.684502611033841",691179.892430783,7737071.08037131,"Poondano","B15.20",-0.000999987261619688
"Dh_11.401",0.250067078078884,"1.05864438443313","0.94823356150017","0.0476642484758683","0.656885360901865",713234.335927216,7657192.12704669,"Abydos Turner Yandee","B15.12",0.509849004970927
"Dh_11.402",0.229301075268817,"0.971714874327715","0.870220633086713","0.109402347799476","0.68889608601282",718678.791235727,7658073.15428973,"Abydos Turner Yandee","B15.12",-0.250479895487509
"Dh_11.404",0.250335390394419,"1.06050222180107","0.94993413778449","0.0432074127579368","0.663647323745074",688944.044879186,7609297.32113693,"Turner River","B15.12",0.519673024052311
"Dh_11.405",0.240999462654487,"1.02023631718049","0.91402764913883","0.0821214662264259","0.676750004528512",711559.746885469,7652983.2487675,"Abydos Turner Yandee","B15.12",0.177846253720722
"Dh_12.066",0.246714936980424,"1.04351214217245","0.934249188739616","0.0778046988318577","0.673382026592938",686538.052893022,7566571.451745,"Tom Price East","B15.08",0.38711331149707
"Dh_12.071",0.247311827956989,"1.04595230945283","0.936934482466444","0.061743231914387","0.669206006839129",719052.503843314,7658096.49559519,"Abydos Turner Yandee","B15.12",0.408967948812501
"Dh_12.072",0.251477700161204,"1.06426406791344","0.953872519596613","0.0579027006365193","0.666628489017529",719052.503843314,7658096.49559519,"Abydos Turner Yandee","B15.12",0.561497689921158
"Dh_12.073",0.247851772287863,"1.04903849745337","0.939651394771754","0.0547558446145971","0.666076031932977",719052.503843314,7658096.49559519,"Abydos Turner Yandee","B15.12",0.428737534859324
"Dh_12.074",0.234710300429185,"0.993194043881647","0.889476100143275","0.100500228478402","0.68070098468008",719052.503843314,7658096.49559519,"Abydos Turner Yandee","B15.12",-0.0524258811385897
"Dh_12.075",0.245161290322581,"1.03777921065974","0.929668676677377","0.0572640685462305","0.667598585490507",719052.503843314,7658096.49559519,"Abydos Turner Yandee","B15.12",0.330227907702073
"Dh_12.076",0.250536480686695,"1.06084026409678","0.950151443279245","0.0517497028177788","0.663567337559263",719052.503843314,7658096.49559519,"Abydos Turner Yandee","B15.12",0.527035767966847
"Dh_12.078",0.235388739946381,"0.996002994943829","0.89173449370215","0.101215929523579","0.687820021357899",719052.503843314,7658096.49559519,"Abydos Turner Yandee","B15.12",-0.027585415842731
"Dh_12.079",0.253483386923901,"1.07292968799086","0.960768065301546","0.0413797248646695","0.661790480592575",716534.298325404,7659334.18743035,"Abydos Turner Yandee","B15.12",0.634934143960649
"Dh_12.080",0.246906939214632,"1.04439424868229","0.935244249497853","0.073497691760648","0.668829231565159",716534.298325404,7659334.18743035,"Abydos Turner Yandee","B15.12",0.394143304170969
"Dh_12.082",0.2494640943194,"1.05577706305656","0.945214293561828","0.0489072981013145","0.667950902704421",717525.346097262,7660189.89505102,"Abydos Turner Yandee","B15.12",0.487771285775949
"Dh_12.084",0.244098712446352,"1.033419515278","0.925601835141191","0.0706231204907426","0.675398836866414",720494.308316627,7661339.795546,"Abydos Turner Yandee","B15.12",0.291322554771418
"Dh_12.325",0.252750201234237,"1.06991105877807","0.958466973281482","0.0430730651623989","0.659432997462388",719444.511830202,7663919.19855875,"Abydos Turner Yandee","B15.12",0.608089195784883
"Dh_12.331",0.23887399463807,"1.01092772230781","0.905147479104231","0.0798922803955384","0.675973039608441",820825.847553536,7607422.5697988,"McPhee Creek Mine","B15.11",0.100024114589619
"Dh_12.339",0.252148227712137,"1.06691562270211","0.955546323687369","0.0449466625618267","0.662088888850203",822151.23521447,7608618.46893428,"McPhee Creek Mine","B15.11",0.586048465541819
"Dh_12.385",0.236559139784946,"1.00227895402541","0.897752574147593","0.084067751407951","0.679036149388612",844521.481577126,7709639.56357235,"Callawa","B15.18",0.0152677432602555
"Dh_12.387",0.23341391351061,"0.988199996237434","0.885697649152239","0.103575080911381","0.678613833732573",844598.937208277,7709601.03523245,"Callawa","B15.18",-0.0998919461961843
"Dh_12.390",0.236084969077709,"0.998843881358942","0.895348058470847","0.0976209171039323","0.683512578708102",844723.686982704,7709607.72285024,"Callawa","B15.18",-0.00209359949600768
"Dh_12.391",0.226283257188928,"0.958237568523858","0.858594604333375","0.132616419448015","0.699814978967011",844527.091154633,7709630.21496062,"Callawa","B15.18",-0.360974646136066
"Dh_12.393",0.240343347639485,"1.01756468826155","0.911213918876076","0.0755108890759339","0.677845849335633",844718.957316839,7709660.16483526,"Callawa","B15.18",0.153823180407407
"Dh_12.394",0.244700831768178,"1.03541791535467","0.92742906105314","0.0596814433835819","0.668841441261987",825014.786806469,7733091.70805524,"Cattle Nimingarra Shay","B15.18",0.313368623343016
"Dh_12.395",0.230976068835709,"0.978100513641458","0.876513368511331","0.124418549871025","0.690904432295235",825047.593465847,7732986.41503875,"Cattle Nimingarra Shay","B15.18",-0.18915148151019
"Dh_12.396",0.242221030042918,"1.02535115686402","0.918265650141086","0.0688834631426775","0.670751512909636",817158.298936188,7742314.5612808,"Nimingarra","B15.18",0.222572867589394
"Dh_12.397",0.248387096774194,"1.05100625274713","0.941578319397939","0.0609171897134957","0.668277656298246",816891.584737991,7742017.81435397,"Nimingarra","B15.18",0.44833796936775
"Dh_12.399",0.24510067114094,"1.03736631603416","0.929151217281087","0.0665845077011416","0.667059064146941",816952.068403839,7741992.07187913,"Nimingarra","B15.18",0.328008389764734
"Dh_12.400",0.24388933655654,"1.03307864663823","0.925562935718822","0.0702632974044801","0.676817274457807",817162.00176572,7742043.60059853,"Nimingarra","B15.18",0.283656441001747
"Dh_12.401",0.235704697986577,"0.997620519577561","0.893329500607399","0.0911393639667788","0.684163597021169",817168.595957001,7742086.57713043,"Nimingarra","B15.18",-0.0160168905232227
"Dh_12.402",0.233700026831232,"0.988812372896041","0.885522440065489","0.109576363432303","0.691478738819555",817111.424730959,7742133.80280283,"Nimingarra","B15.18",-0.0894161589941532
"Dh_12.403",0.222192369693713,"0.939601906609792","0.841685425567386","0.144877704168408","0.700274867756428",675264.702818798,7685859.38871433,"Quarry Site 2a","B15.15",-0.510758888177491
"Dh_12.404",0.247716281569049,"1.04921655464048","0.940510241196331","0.0588606786928842","0.671511241016379",675321.644637782,7685778.81745363,"Quarry Site 2a","B15.15",0.423776661541508
"Dh_12.406",0.251742627345845,"1.06589213556632","0.95456567527619","0.0396193514961791","0.661940931197538",675148.181366532,7685771.41657103,"Quarry Site 2a","B15.15",0.571197765416765
"Dh_12.407",0.244886975242196,"1.03515597601694","0.927227131044998","0.0671948532436174","0.667457149385643",675044.970420635,7685849.39470237,"Quarry Site 2a","B15.15",0.320184102673443
"Dh_12.410",0.259983918520504,"1.10028794786005","0.985276127554196","0.0135923371915217","0.644317349389564",676344.026826094,7681628.3277652,"Quarry Site 2a","B15.15",0.872945382158326
"Dh_14.001",0.150673854447439,"0.637436637878043","0.571100783452639","0.437521792490438","0.802592066663217",484267.610744211,7734278.78410119,"Dolphin Island","B15.00",-3.12934632442969
"Dh_14.002",0.144626986264476,"0.612792808167079","0.549138341247743","0.456707962020734","0.806987391825399",484267.610744211,7734278.78410119,"Dolphin Island","B15.00",-3.35074707636162
"Dh_14.003",0.147819063004847,"0.625827666360626","0.560566721615507","0.444431512096952","0.808649122628105",484267.610744211,7734278.78410119,"Dolphin Island","B15.00",-3.23387199836112
"Dh_14.004",0.169714900484131,"0.71847078512612","0.643602716856995","0.375008341973032","0.768497336114124",484267.610744211,7734278.78410119,"Dolphin Island","B15.00",-2.43217519674218
"Dh_14.005",0.14379645511721,"0.606695730340027","0.543971904229991","0.462556301376767","0.807703731752204",484267.610744211,7734278.78410119,"Dolphin Island","B15.00",-3.38115624271746
"Dh_14.006",0.166397415185784,"0.704860770459874","0.631406622857196","0.373838513794085","0.778679236062276",484267.610744211,7734278.78410119,"Dolphin Island","B15.00",-2.55364199862263
"Dh_14.007",0.166801401239558,"0.706265378717868","0.632736038454106","0.378175851049467","0.781101333926786",484267.610744211,7734278.78410119,"Dolphin Island","B15.00",-2.5388504051284
"Dh_14.009",0.167563206024744,"0.709442174965482","0.635486358232513","0.377225090025587","0.780960056642301",484267.610744211,7734278.78410119,"Dolphin Island","B15.00",-2.51095759398018
"Dh_14.010",0.160247778077027,"0.678126451683676","0.607555893094482","0.396691185750674","0.787304033222527",484267.610744211,7734278.78410119,"Dolphin Island","B15.00",-2.77880554424504
"Dh_14.011",0.136155297923969,"0.576635186608188","0.516510740324004","0.493355524571116","0.818813219868483",484267.610744211,7734278.78410119,"Dolphin Island","B15.00",-3.66093048237761
"Dh_14.012",0.161507402422611,"0.684203969060052","0.612802520970645","0.402128967939879","0.784002018196223",484267.610744211,7734278.78410119,"Dolphin Island","B15.00",-2.73268550841396
"Dh_14.013",0.151629410180447,"0.641398680179469","0.574526197004384","0.436921618827684","0.803104377129958",484267.610744211,7734278.78410119,"Dolphin Island","B15.00",-3.09435949299902
"Dh_16.075",0.253627082213864,"1.07450391260656","0.962120497196687","0.0418221830341099","0.661580237675088",860563.212572024,7634983.57994057,"Meentheena CP","B15.13",0.640195420423814
"Dh_16.080",0.263582571274879,"1.11557820893385","0.998960010876042","0.016698080403826","0.649686269718534",689534.731957117,7737027.46278036,"Poondano","B15.20",1.00470688276542
"Dh_16.084",0.24825550187869,"1.05060188120264","0.941209565783686","0.0510716037187547","0.662507266413906",685044.002650692,7737885.13344614,"Poondano","B15.20",0.443519738188663
"Dh_16.087",0.243221476510067,"1.02964819913738","0.922485617453226","0.0724380660734349","0.678668270042916",690222.996326902,7732396.38675242,"Poondano","B15.20",0.259203333707128
"Dh_16.088",0.233369683751363,"0.983432361343908","0.881496793757195","0.11372636133534","0.684230703213727",594244.603332384,7591823.38224024,"Mt Florance Station","B15.10",-0.101511379869742
"Dh_16.092",0.231553528306949,"0.980385294581323","0.878194642371381","0.111401277818462","0.686996446915269",595182.39071264,7592045.95992832,"Mt Florance Station","B15.10",-0.16800831164534
"Dh_16.093",0.142085359265262,"0.601275375971263","0.539143371515833","0.473168578610109","0.807812898610527",482336.9262775,7734355.68556827,"Dolphin Island","B15.00",-3.4438065100602
"Dh_16.098",0.23062381852552,"0.975979741285392","0.873948841358968","0.126654404770222","0.692043109926744",730800.971112737,7554785.18316677,"Quoll knoll","B15.04",-0.202048816326225
"Dh_16.100",0.260799570700295,"1.10310703247484","0.987727149252542","0.0112223116507766","0.648153430386651",730743.856010748,7554691.86608982,"Quoll knoll","B15.04",0.902809768226712
"Dh_16.103",0.239978477266613,"1.01623622138147","0.910882998892511","0.0806738446048306","0.674071712370679",730796.810261545,7554783.02886746,"Quoll knoll","B15.04",0.140463773113042
"Dh_16.105",0.240021721422753,"1.01498144178639","0.909746026282204","0.100754765765922","0.684212210535622",405592.385329063,7584154.28447031,"Pannawonica Yarraloola","B15.09",0.142047119797038
"Dh_16.111",0.246442953020134,"1.04364342319372","0.934843182652857","0.0563804995082633","0.671151424229986",412092.761861252,7590795.63503777,"Pannawonica Yarraloola","B15.09",0.377154858377273
"Dh_16.112",0.234042553191489,"0.989472940164177","0.88673695640521","0.113943571076252","0.68729741251471",398306.582257577,7594190.82657306,"Pannawonica Yarraloola","B15.09",-0.0768748580392106
"Dh_16.114",0.260741138560687,"1.10312251143476","0.988317574058947","0.0328148837250844","0.660212376101546",413074.00924527,7592201.30679989,"Pannawonica Yarraloola","B15.09",0.900670326906879
"Dh_16.143",0.223062381852552,"0.944360918433008","0.845934929554748","0.160988663073659","0.701933329887869",418610.166651174,7661434.48338261,"Red Hill Chichester","B15.16",-0.478904159361079
"Dh_16.145",0.249059645351961,"1.05457517631017","0.944777076315308","0.0608802732216451","0.673063028782736",418630.835195367,7661454.50869726,"Red Hill Chichester","B15.16",0.47296274310565
"Dh_16.146",0.244695138329304,"1.03587029648071","0.928043368771484","0.0830924520162293","0.681244372106438",422371.882438001,7667899.94938363,"Red Hill Chichester","B15.16",0.313160163093902
"Dh_16.148",0.254360075127448,"1.07611564878874","0.963646992214835","0.0492622706039026","0.663099983595844",422489.586807394,7660751.43800311,"Red Hill Chichester","B15.16",0.667033310273226
"Dh_16.149",0.225823878984333,"0.957218175371429","0.857518784072775","0.154162668392435","0.703199135237605",420650.483272548,7656277.6589637,"Red Hill Chichester","B15.16",-0.377794374438566
"Dh_16.150",0.231615673644659,"0.980832175976936","0.878349421103643","0.109131226400604","0.689734205557461",418630.835195367,7661454.50869726,"Red Hill Chichester","B15.16",-0.1657329148479
"Dh_16.152",0.238645525396399,"1.00952100471525","0.9042797485902","0.101492749906848","0.680398948950883",418691.808239279,7661513.47253005,"Red Hill Chichester","B15.16",0.0916589145606526
"Dh_16.155",0.217075141395098,"0.919562608803763","0.824251232644529","0.180737759790919","0.709021222824802",418366.657568886,7661122.25440001,"Red Hill Chichester","B15.16",-0.698121694648583
"Dh_16.156",0.228717672413793,"0.968140222613679","0.867470258633779","0.12881217513324","0.697000292860908",418366.657568886,7661122.25440001,"Red Hill Chichester","B15.16",-0.271840677114181
"Dh_16.158",0.244414535666218,"1.03521537841747","0.927078900647036","0.0924554133555381","0.678675338075548",422655.735332288,7655885.42423283,"Red Hill Chichester","B15.16",0.302886143763304
"Dh_16.159",0.210674157303371,"0.885301602588297","0.794506535505528","0.210260763520016","0.719146418875961",422716.738704479,7668125.14456236,"Red Hill Chichester","B15.16",-0.932488088644993
"Dh_16.183",0.211232876712329,"0.893433531315353","0.800577087393036","0.18360722842845","0.710084975867323",484005.163029546,7707192.84368961,"Karratha Roeburn","B15.19",-0.912031069652784
"Dh_16.200",0.232070910556003,"0.982233362801716","0.880100177853301","0.111137451594463","0.683687449263392",844548.590181444,7709593.31632444,"Callawa","B15.18",-0.149064816349786
"Dh_16.203",0.227861771058315,"0.964020831080099","0.863566891827554","0.135387852964129","0.69632662840056",844678.504576276,7709671.58834378,"Callawa","B15.18",-0.303178751295506
"Dh_16.207",0.245166487647691,"1.03806973581785","0.929880794295507","0.0703825544168006","0.67109166516718",817159.370302639,7742227.85686062,"Nimingarra","B15.18",0.330418203182738
"Dh_16.229",0.234488315874295,"0.993131726757849","0.889579850164083","0.105978850419101","0.689354011023363",451818.326215596,7565566.68768118,"Pannawonica Red Hill","B15.06",-0.0605536500733242
"Dh_16.230",0.185567010309278,"0.783545051026365","0.702513099315379","0.289954971541129","0.753428190461506",413164.998688827,7589182.03414687,"Pannawonica Yarraloola","B15.09",-1.85176415935865
"Dh_16.231",0.24510067114094,"1.0374426116426","0.929451379187185","0.0702280877006648","0.673215268113218",410540.981296859,7590582.00234894,"Pannawonica Yarraloola","B15.09",0.328008389764734
"Dh_16.233",0.22541316716337,"0.952251753109426","0.85355177905236","0.138633500116095","0.693232104047171",413108.955942678,7589393.04610545,"Pannawonica Yarraloola","B15.09",-0.392832225973802
"Dh_16.236",0.245906040268456,"1.04050727468311","0.932128167328264","0.0727238156952381","0.677520551292881",413131.030313642,7589382.98239184,"Pannawonica Yarraloola","B15.09",0.357496270932243
"Dh_16.239",0.2302932472424,"0.975022250207601","0.874148774399494","0.124236899081049","0.69189441958982",594738.231711546,7624586.45184995,"Coolawanyah Station North","B15.10",-0.214152392662828
"Dh_16.241",0.227211616025813,"0.960650990792748","0.860642598347527","0.1186132457546","0.696733968526738",594782.945039518,7624259.86683794,"Coolawanyah Station North","B15.10",-0.326983605099635
"Dh_16.242",0.23989218328841,"1.01372571782574","0.908431494981499","0.104519083563436","0.67971200568502",594829.512494608,7624197.38481893,"Coolawanyah Station North","B15.10",0.137304195116092
"Dh_16.251",0.229345493562232,"0.971120971415919","0.870015225874129","0.118993964525047","0.691005503952945",589319.443081803,7601213.05678222,"Coolawanyah Station South","B15.10",-0.248853558801467
"Dh_16.253",0.240550755939525,"1.01976322178722","0.913571206413043","0.0786671302740668","0.673252372323269",589859.018675633,7601389.14610274,"Coolawanyah Station South","B15.10",0.161417252610793
"Dh_16.255",0.241844162847129,"1.02240008164982","0.916050938095831","0.0853826977837878","0.682053916395626",589806.494587613,7601191.62909566,"Coolawanyah Station South","B15.10",0.208774207191728
"Dh_16.256",0.239720505240527,"1.01546018541605","0.909860965747121","0.0796583239314015","0.67639339986254",588877.64681306,7600776.16560739,"Coolawanyah Station South","B15.10",0.13101835462124
"Dh_16.257",0.334765100671141,"1.41666423819876","1.26852918804765","-0.209107951329419","0.551202976728799",451695.982238525,7565881.55828262,"Pannawonica Red Hill","B15.06",3.61099249308388
"Dh_16.260",0.169958108916816,"0.712549945607295","0.640054017118938","0.365486277898774","0.776167112110491",446997.279768022,7565963.88193701,"Pannawonica Red Hill","B15.06",-2.42327033421775
"Dh_16.261",0.215835140997831,"0.9121963683422","0.818338980866856","0.171923280436811","0.703680941927206",453942.178174721,7561288.2287483,"Pannawonica Red Hill","B15.06",-0.743523216898449
"Dh_16.262",0.246579017976925,"1.04417497562291","0.935380528980522","0.0656390962338316","0.671945620900392",453942.178174721,7561288.2287483,"Pannawonica Red Hill","B15.06",0.382136756912781
"Dh_16.263",0.235072619688004,"0.994901786701539","0.891574346692583","0.111920301136778","0.689809384346045",453907.034499278,7562754.65747669,"Pannawonica Red Hill","B15.06",-0.0391598806380402
"Dh_16.270",0.233396074213498,"0.987801254634196","0.885093779119574","0.113293368603264","0.682082025282888",352352.132862715,7567695.7422415,"Cane River CP","B15.05",-0.100545116345595
"Dh_16.281",0.239171374764595,"1.01179066204983","0.906918578402501","0.0984825635530719","0.680142669354452",818552.452105178,7606551.75755741,"McPhee Creek Mine","B15.11",0.110912425965043
"Dh_16.285",0.246707874227358,"1.04469564142138","0.936056074017166","0.0652748298172882","0.666585642656505",524947.63027743,7640876.62367137,"Millstream Python","B15.14",0.386854715015022
"Dh_16.286",0.259348937315039,"1.09926593311755","0.98555126432316","0.0116924531519938","0.647364848799874",524815.906078768,7641246.39830997,"Millstream Python","B15.14",0.849696104664781
"Dh_16.287",0.255028157683025,"1.07909947421898","0.966368612762985","0.0468302131976661","0.658578313081246",524947.63027743,7640876.62367137,"Millstream Python","B15.14",0.691494564542683
"Dh_16.311",0.154322650148128,"0.653431122454942","0.585320729190284","0.422312304376333","0.792271963793835",482404.522495829,7734433.8871464,"Dolphin Island","B15.00",-2.99574888401341
"Dh_16.352",0.24751677852349,"1.048411361246","0.939385813833888","0.0508867779439663","0.661199141186383",669823.460081105,7731730.63230111,"Quarry Site 1a","B15.20",0.416472033267333
"Dh_16.353",0.252416756176155,"1.06776064884738","0.956436756800061","0.0420458449442161","0.657884122422548",672000.298980532,7729042.85236027,"Quarry Site 1a","B15.20",0.595880398709506
"Dh_16.355",0.250134336378291,"1.05850998195386","0.948040848471639","0.0604880702036923","0.666019302935391",672000.298980532,7729042.85236027,"Quarry Site 1a","B15.20",0.512311608356979
"Dh_16.421",0.233996772458311,"0.990296633051136","0.887635432005007","0.108302866563607","0.685517105693232",671970.094219049,7729098.51380256,"Quarry Site 1a","B15.20",-0.0785510792570246
"Dh_16.426",0.219919246298789,"0.930608487676587","0.834100847124482","0.154549896483284","0.696748386247106",697396.84151289,7632451.48612244,"Quarry Site 1b","B15.12",-0.59398729892542
"Dh_16.435",0.252148227712137,"1.06736321981715","0.956493947411943","0.0413457509616861","0.6637137833452",682173.448698152,7680204.14403853,"Quarry Site 2a","B15.15",0.586048465541819
"Dh_16.440",0.249194414607948,"1.05469147321623","0.944798812285641","0.0603545271249893","0.670795709919741",498480.940585702,7708043.33519776,"Karratha Chichester","B15.19",0.477897200697581
"Dh_16.441",0.247381144238517,"1.04634048393138","0.937210929240244","0.0562198607965736","0.668619235062669",721720.175520912,7749597.6386329,"De grey Station","B15.20",0.41150590340107
"Dh_16.443",0.244026845637584,"1.03277265633925","0.925068590846564","0.0785214736801963","0.672853480832928",680490.228270119,7678909.30680779,"Quarry Site 2a","B15.15",0.288691214874673
"Dh_16.445",0.238785925329036,"1.01004661968105","0.90470564236235","0.0867957091074118","0.681454475403733",729136.709956462,7783331.58132843,"Quarry Site 2b","B15.20",0.0967995344181528
"Dh_16.447",0.268952585052237,"1.13859740157813","1.0194236591426","-0.00382575381860709","0.643878874652121",682118.990379715,7680264.53134264,"Quarry Site 2a","B15.15",1.2013252068661
"Dh_16.450",0.24993295789756,"1.05805872917704","0.947429526991238","0.0457580183079611","0.661981073056995",671567.844380993,7698940.64735309,"Indee Quarry 2","B15.15",0.504938312676022
"Dh_16.453",0.239720505240527,"1.0144391932068","0.908585814709155","0.0959110011987283","0.679862466768578",671567.844380993,7698940.64735309,"Indee Quarry 2","B15.15",0.13101835462124
"Dh_16.465",0.255096566523605,"1.08023494900883","0.967386865357935","0.0343139570189103","0.654397553838187",671277.444905091,7658270.04070683,"Wodgina","B15.15",0.693999293980292
"Dh_16.467",0.244498121309716,"1.03503650746148","0.92691432547054","0.0682920888236346","0.673275506176919",718906.951062745,7659920.75786508,"Abydos Turner Yandee","B15.12",0.305946558470756
"Dh_16.468",0.242342826437399,"1.02580329387563","0.918936769695481","0.0812695968285853","0.682018282134833",671792.345511693,7655065.93195934,"Wodgina","B15.15",0.227032335284864
"Dh_16.473",0.249329758713137,"1.05543990142965","0.945238309475272","0.0565604778605565","0.669209667851329",671390.153146454,7658023.06714548,"Wodgina","B15.15",0.482852705886668
"Dh_16.479",0.230088495575221,"0.974072646061618","0.872417083206953","0.109648890280973","0.687555791448839",699435.233683454,7509971.92244463,"Koodaideri West","B15.01",-0.221649194594193
"Dh_16.480",0.163378545006165,"0.680706350570479","0.610770818228217","0.387889018943593","0.782196831906612",714979.563899635,7500701.87637014,"Koodaideri East","B15.01",-2.66417527097602
"Dh_16.493",0.227626981994088,"0.962944532874707","0.862912152438172","0.118684025775647","0.697433774686221",590515.913185794,7555966.46296882,"Tom Price West","B15.07",-0.311775346060331
"Dh_16.496",0.229591836734694,"0.971691231510476","0.870410947209246","0.12947502521046","0.695297882745535",680317.356654665,7561559.74617951,"Tom Price East","B15.08",-0.239833920541442
"Dh_16.497",0.235025517056138,"0.993456476858515","0.889571649869373","0.0936323816947124","0.67925332486415",680490.453900151,7561619.77717862,"Tom Price East","B15.08",-0.0408845020118759
"Dh_16.498",0.253150978814696,"1.07156987599309","0.959806043308072","0.0324902760927625","0.655147558666803",680519.699796781,7561649.34140995,"Tom Price East","B15.08",0.622763313854974
"Dh_16.554",0.225416442772703,"0.954483151089023","0.855284803173166","0.13834901113776","0.699472445966048",409914.909979962,7573926.55235933,"Red Hill Hammersley North","B15.09",-0.392712292423505
"Dh_16.555",0.243424584004294,"1.03031578972241","0.92276914634746","0.0763874058734667","0.676564141316301",410913.171148329,7573821.50149588,"Red Hill Hammersley North","B15.09",0.266639935694181
"Dh_16.881",0.250402576489533,"1.05923973018762","0.948612406997757","0.0411639487513595","0.658220404548848",660788.808298696,7513499.43714397,"Karijini NP","B15.03",0.522132983741778
"Dh_16.882",0.226568867155664,"0.959353818342185","0.859331530518361","0.145600306388806","0.69937736195219",660718.713890285,7513675.90604787,"Karijini NP","B15.03",-0.350517288793175
"Dh_16.883",0.167391304347826,"0.707380323557355","0.634038900824834","0.370358827021116","0.777617339072379",660927.360682032,7513118.40076268,"Karijini NP","B15.03",-2.51725162245516
"Dh_16.910",0.250738255033557,"1.06142211274517","0.950814554666362","0.044361941981272","0.66441876683569",1041751.04719656,7506157.57520727,"Karlamilyi East","B15.02",0.534423557937479
"Dh_17.053",0.225624496373892,"0.955856829789528","0.856278237609523","0.131094283905246","0.690929141424778",446046.001924119,7599241.00037345,"Pannawonica","B15.09",-0.385094593086984
"Dh_17.055",0.258315450643777,"1.09366144529098","0.979298962120378","0.0258462444942785","0.651513854181062",447372.001783859,7601566.99940067,"Pannawonica","B15.09",0.811855900578024
"Dh_17.056",0.24403325288281,"1.03277776945641","0.925049100575057","0.0714707484715194","0.672234620606905",438303.004040878,7603198.99985657,"Pannawonica","B15.09",0.288925810514586
"Dh_2012.077",0.239066273141937,"1.01215924804335","0.906510048418788","0.0778601599884441","0.675973116904457",719052.503843314,7658096.49559519,"Abydos Turner Yandee","B15.12",0.107064222633721
"Dh_2012.088",0.241731648292552,"1.02277711574593","0.91638742744734","0.0805311028320008","0.680797440822937",822072.395904721,7608995.67638666,"McPhee Creek Mine","B15.11",0.204654585888121
"Dh_11.306",0.243692968330649,"1.03123625536925","0.923811477981791","0.0743078143381103","0.674818469410225",701430.10364985,7736733.28994432,"Poondano","B15.20",0.276466591388306
"Dh_11.313",0.248523886205046,"1.05209301885941","0.942386748148011","0.0529928047368964","0.659628752853753",690968.2636055,7734080.47959279,"Poondano","B15.20",0.453346393882825
"Dh_11.314",0.24812030075188,"1.05085675477584","0.941330843380412","0.0497557437101743","0.663250700254651",690486.537206137,7731213.39986155,"Poondano","B15.20",0.438569468026975
"Dh_11.326",0.241926803013994,"1.022466381124","0.915804625967475","0.0758546761153804","0.670664226955549",700728.156881951,7736975.43000391,"Poondano","B15.20",0.211800004105118
"Dh_11.329",0.242017708612825,"1.02446013008583","0.91744418698857","0.0745703195192691","0.673603230178026",691682.655104423,7737048.83017645,"Poondano","B15.20",0.215128432529061
"Dh_11.330",0.25979602791197,"1.09976269478794","0.984959922948938","0.0233750729439169","0.652783023180103",685583.871572556,7737277.71016967,"Poondano","B15.20",0.866065933036616
"Dh_11.333",0.247181964573269,"1.04666656820453","0.937619275095439","0.0658458104178623","0.669324440838193",692117.900549632,7737090.68976576,"Poondano","B15.20",0.404213115412123
"Dh_11.397",0.252614641995173,"1.06955813302367","0.957917319770228","0.0390474852317368","0.659323036406399",710308.425391441,7655014.87272689,"Abydos Turner Yandee","B15.12",0.603125813658468
"Dh_11.400",0.25630703166935,"1.0852690795323","0.972248467204798","0.0357040527553112","0.661143709481761",713267.441053694,7658144.11789996,"Abydos Turner Yandee","B15.12",0.738319409012799
"Dh_11.409",0.247787610619469,"1.04874890989579","0.939153044424158","0.0613104823702775","0.667186221806954",712917.966514436,7648812.68658672,"Abydos Turner Yandee","B15.12",0.426388311890042
"Dh_11.411",0.274046211714132,"1.15993259834219","1.0392342301256","-0.0262557112084257","0.634261657056442",711474.491622966,7651201.33594522,"Abydos Turner Yandee","B15.12",1.38782386019898
"Dh_11.412",0.259189696807083,"1.09676434400302","0.98223253081589","0.0242525848135299","0.657983186749786",713113.21433628,7646262.95399419,"Abydos Turner Yandee","B15.12",0.84386565373833
"Dh_11.413",0.237711522965351,"1.005971734949","0.901092484635088","0.0826869295473109","0.684754758548465",713310.393938394,7644665.61507826,"Abydos Turner Yandee","B15.12",0.0574612382952927
"Dh_12.087",0.243620735965619,"1.0311508471232","0.923703043923078","0.0624319037722579","0.671056340192767",722048.359559008,7662224.65516546,"Abydos Turner Yandee","B15.12",0.273821866971042
"Dh_12.260",0.249395323837678,"1.05452555332014","0.944838417415149","0.0551240653888773","0.659793551943612",676126.622129543,7729971.28091766,"Quarry Site 1a","B15.20",0.485253315166491
"Dh_12.277",0.260682612201021,"1.10337429741923","0.988361246378467","0.0263394516712549","0.650661365136922",829495.015304217,7726371.08905534,"Cattle Nimingarra Shay","B15.18",0.898527435802623
"Dh_12.279",0.23598820058997,"0.999099691874379","0.894623940724819","0.0905662585007658","0.685221517562058",837952.461030551,7724327.03923845,"Cattle Nimingarra Shay","B15.18",-0.00563669243279381
"Dh_12.284",0.245500940102068,"1.03892738056481","0.930941713984865","0.0783147947195465","0.671888781423237",837896.933411168,7724451.30278786,"Cattle Nimingarra Shay","B15.18",0.342663885186055
"Dh_12.285",0.234978540772532,"0.994651339317434","0.890783245275595","0.0977257528115224","0.682758807302217",844930.107528446,7709498.81605827,"Callawa","B15.18",-0.0426044972554699
"Dh_12.292",0.242953020134228,"1.02807366383003","0.92080056036766","0.0783669239670008","0.679492576710579",845047.229561793,7709558.00262456,"Callawa","B15.18",0.249374039984613
"Dh_12.296",0.24294544477291,"1.0281081649892","0.921052798469832","0.0770915761513457","0.670888759435693",721081.678486543,7622358.58073023,"Quarry Site 2c","B15.12",0.249096674802966
"Dh_12.297",0.258255033557047,"1.09308791845706","0.979083988113871","0.0166665591040627","0.652076738705482",721052.887199049,7622358.97367006,"Quarry Site 2c","B15.12",0.809643782167829
"Dh_12.344",0.251676951972095,"1.06526679375536","0.954174651471854","0.0449090089049951","0.666675224515352",430784.99623158,7527847.22461736,"Red Hill Hammersley South","B15.06",0.56879311945927
"Dh_16.107",0.242277733011013,"1.02509344134306","0.918430416099726","0.0890614415122859","0.678716447309185",412792.064765013,7590818.28869178,"Pannawonica Yarraloola","B15.09",0.224648996817475
"Dh_16.117",0.246840548534552,"1.0447859942149","0.936296977322167","0.0758847965383239","0.669337273343407",392189.032217624,7596848.78173113,"Pannawonica Yarraloola","B15.09",0.391712467902304
"Dh_16.118",0.250805585392052,"1.06163336267207","0.951187129868946","0.0550434577548027","0.666501071622903",413733.628149544,7588063.33668304,"Pannawonica Yarraloola","B15.09",0.536888799703562
"Dh_16.120",0.25,"1.0589849603581","0.948935653742639","0.0654936978746236","0.67026099257554",413675.986566755,7588052.40119145,"Pannawonica Yarraloola","B15.09",0.507393000200571
"Dh_16.121",0.26530612244898,"1.12321733757404","1.00625331174953","0.0215748588322605","0.653361665586484",413828.902641779,7587646.75245805,"Pannawonica Yarraloola","B15.09",1.0678131907571
"Dh_16.123",0.250134770889488,"1.05921721848172","0.948820577582094","0.0646727376389083","0.673388413915037",406826.031961402,7589595.57850155,"Pannawonica Yarraloola","B15.09",0.512327517601702
"Dh_16.125",0.262818791946309,"1.11341910324995","0.997486131120875","0.0283876688884925","0.66054853993316",406192.201235263,7589630.49898887,"Pannawonica Yarraloola","B15.09",0.976741775450551
"Dh_16.128",0.244283023944041,"1.03344840052509","0.925889853493521","0.0761766989094957","0.679100867278424",398209.600551686,7592397.2210664,"Pannawonica Yarraloola","B15.09",0.298070957902317
"Dh_16.129",0.244170463682659,"1.03330687962134","0.925297693656886","0.0800157465147735","0.674177768602116",412818.333401724,7590911.41943824,"Pannawonica Yarraloola","B15.09",0.293949663084308
"Dh_16.132",0.250604351329573,"1.06066165364418","0.950305146292995","0.0725990792580871","0.669978557796718",407886.837926023,7586822.69757963,"Pannawonica Yarraloola","B15.09",0.529520791769686
"Dh_16.134",0.23804347826087,"1.00689850798618","0.902653229615516","0.0997114233043973","0.682640948711332",392296.350772006,7596837.05270257,"Pannawonica Yarraloola","B15.09",0.0696154890267312
"Dh_16.135",0.240735731674331,"1.01884830742949","0.91293166178056","0.0902167887344368","0.683032271703595",411120.757070972,7595527.01923153,"Pannawonica Yarraloola","B15.09",0.168189976198616
"Dh_16.137",0.254428341384863,"1.07607692720618","0.963674670478343","0.049339530939602","0.665570073747905",405392.560400835,7584302.76136712,"Pannawonica Yarraloola","B15.09",0.669532819153846
"Dh_16.138",0.239463087248322,"1.01319131258241","0.907595006821931","0.0909987067813166","0.680201186136139",411622.753596621,7591394.60356527,"Pannawonica Yarraloola","B15.09",0.121593221591952
"Dh_16.139",0.246509129967777,"1.04402773688955","0.935534361868144","0.070568554743875","0.674139233818785",414019.94014282,7587990.60612951,"Pannawonica Yarraloola","B15.09",0.37957786902103
"Dh_16.140",0.245237456399249,"1.03803884954178","0.929693941084628","0.076552824467482","0.676500239405726",413604.592164257,7591909.96160193,"Pannawonica Yarraloola","B15.09",0.333016661505821
"Dh_16.249",0.251742627345845,"1.06557057645919","0.954326003662676","0.0520424928745916","0.66398714654758",588970.705717994,7601028.47545953,"Coolawanyah Station South","B15.10",0.571197765416765
"Dh_16.254",0.25228126677402,"1.06829239945797","0.957012434600601","0.0438993801071905","0.665500625801714",589507.094564035,7601265.69729208,"Coolawanyah Station South","B15.10",0.590919573600732
"Dh_16.266",0.272824919441461,"1.15452782423834","1.03401076110943","-0.0243099302059934","0.634395172376107",449360.829407081,7562919.35680906,"Pannawonica Red Hill","B15.06",1.34310731945152
"Dh_16.267",0.246435297282755,"1.04339558748114","0.934632033051468","0.0718809370981449","0.667323945677485",424953.321003096,7546807.44874429,"Red Hill Hammersley Mid","B15.06",0.376874550296955
"Dh_16.268",0.239664955417455,"1.01377641451345","0.908110222666081","0.0962686045087733","0.680317505913715",425080.850718463,7546979.86125836,"Red Hill Hammersley Mid","B15.06",0.128984446782389
"Dh_16.274",0.234315330060011,"0.991023716186244","0.88839835928287","0.117039944888518","0.687264456571793",599003.456849704,7657301.03854256,"Mallina Station","B15.17",-0.0668873732829585
"Dh_16.279",0.24993288590604,"1.05720249469101","0.946801879604923","0.0554865599776887","0.660475883229766",652217.829547485,7684285.05965747,"Mt Dove Mine","B15.15",0.504935676769933
"Dh_16.319",0.220636663007684,"0.930425875072155","0.834145173760924","0.172711560839033","0.708776704130453",719916.250988328,7755009.8016479,"De grey Station","B15.20",-0.567719718089873
"Dh_16.320",0.253687315634218,"1.07433285733233","0.962224361129575","0.0345500213028559","0.660377729018254",720563.783577603,7754735.87127733,"De grey Station","B15.20",0.64240081405144
"Dh_16.321",0.245166487647691,"1.03715097855335","0.929070405692221","0.0707537006985979","0.672687987249856",719964.803621503,7754949.94493046,"De grey Station","B15.20",0.330418203182738
"Dh_16.322",0.249865807836822,"1.05707027905946","0.946772195489195","0.0599857365146069","0.670869540021484",824482.778111884,7687668.52100811,"Yarrie Station","B15.18",0.50247967235349
"Dh_16.323",0.233378196500673,"0.986590466400918","0.884205997154189","0.10713464941724","0.68318921207464",824450.741494949,7687633.34862788,"Yarrie Station","B15.18",-0.101199693052497
"Dh_16.324",0.247383954923531,"1.04694637025922","0.937861229843991","0.0526619774791389","0.669177257054638",824420.271423208,7687555.46610839,"Yarrie Station","B15.18",0.411608814156971
"Dh_16.325",0.237570545552271,"1.0057019207282","0.901097342780689","0.102748153527794","0.684228316332662",824472.077320354,7687557.33955391,"Yarrie Station","B15.18",0.0522994745000654
"Dh_16.326",0.216478190630048,"0.916765710576469","0.82136657075352","0.168878144101133","0.705352472907547",824693.841683887,7687385.77995168,"Yarrie Station","B15.18",-0.719978521066725
"Dh_16.327",0.240323029796714,"1.01488671946261","0.909265824183179","0.102872385424171","0.67974425450304",824510.818982796,7687481.88455364,"Yarrie Station","B15.18",0.153079260492002
"Dh_16.333",0.235151840902983,"0.995761061356099","0.892248775386059","0.102255130936482","0.687567735660052",664960.704340879,7690211.92006434,"Indee Quarry 2","B15.15",-0.0362592656362566
"Dh_16.337",0.224818694601128,"0.951372843277323","0.852038352025333","0.141741492714904","0.699268887101834",664814.251085934,7690797.60084238,"Indee Quarry 2","B15.15",-0.414598315179138
"Dh_16.338",0.216899892357374,"0.919270532958455","0.823988719386896","0.168911915204922","0.70565923186582",664505.971061243,7690853.89302944,"Indee Quarry 2","B15.15",-0.704538283790837
"Dh_16.342",0.267972103004292,"1.1347451443501","1.01649981356667","0.0074960559348798","0.653684247620698",665129.251386784,7690705.47919887,"Indee Quarry 2","B15.15",1.16542572037119
"Dh_16.343",0.206549118387909,"0.867143950510392","0.778071822657218","0.211689069932354","0.725820421430435",665120.272199998,7690770.88017917,"Indee Quarry 2","B15.15",-1.08352275485534
"Dh_16.347",0.247920579554602,"1.04931767973312","0.939899375657163","0.0547973747413749","0.670247132447314",665033.324907117,7690211.20330011,"Indee Quarry 2","B15.15",0.431256852319777
"Dh_16.859",0.24576954069299,"1.04000462694862","0.931774707923848","0.0612962632743084","0.668927380134776",712923.996959969,7648750.99951697,"Abydos Turner Yandee","B15.12",0.352498459216798
"Dh_16.860",0.257839721254355,"1.09123299516141","0.977029718225222","0.0274692196759013","0.662121536755776",713295.002763793,7647885.99927237,"Abydos Turner Yandee","B15.12",0.794437488046575
"Dh_16.861",0.253015277405521,"1.07144779145775","0.959334438803446","0.0354125676988346","0.659864409831257",713263.998971758,7647911.99982481,"Abydos Turner Yandee","B15.12",0.617794726295182
"Dh_16.863",0.248390557939914,"1.05180190651091","0.942092331219872","0.0541490069131044","0.666343843431089",716106.004078965,7649354.00032639,"Abydos Turner Yandee","B15.12",0.448464696901704
"Dh_16.866",0.263143776824034,"1.11372228852327","0.997705960426857","0.0120176783295654","0.647618732187032",718404.000805516,7655595.00036942,"Abydos Turner Yandee","B15.12",0.988640810474589
"Dh_16.898",0.163412436167017,"0.68406692061293","0.614117111348382","0.38592844382225","0.783834070379358",824600.23523575,7687382.28446916,"Yarrie Station","B15.18",-2.66293437597559
"Dh_16.905",0.240934730056406,"1.01980567031632","0.913546745909079","0.0812485762428535","0.6807929144868",425074.13279991,7546961.79205549,"Red Hill Hammersley Mid","B15.06",0.175476126663873
"Dh_16.906",0.231120666487503,"0.978637512706853","0.87672404052775","0.118956058516983","0.688351849487246",425321.696478761,7546783.52871952,"Red Hill Hammersley Mid","B15.06",-0.183857165863459
"Dh_16.908",0.244958322129605,"1.03645305543029","0.928402217595112","0.0757428577924094","0.671909967439084",424545.89191231,7546976.52097249,"Red Hill Hammersley Mid","B15.06",0.322796406107618
"Dh_17.052",0.250134336378291,"1.05898370394505","0.949026707327119","0.0548859442325176","0.672651025276077",414916.995980998,7596336.99981676,"Pannawonica Yarraloola","B15.09",0.512311608356979
"Dh_17.057",0.238797960826402,"1.01093055704426","0.905564687471886","0.0989252430292821","0.681389152062665",414614.00420353,7597885.00030901,"Pannawonica Yarraloola","B15.09",0.0972402035523363
"Dh_17.078",0.254828326180258,"1.07865899476139","0.966100745864098","0.0300918810104609","0.659339338230459",718546.232516959,7655522.63427863,"Abydos Turner Yandee","B15.12",0.684177910097172
"Dh_17.079",0.236637120601665,"1.00221748221022","0.897719934091778","0.0904183973032804","0.679291623105066",713448.250632328,7644683.53974903,"Abydos Turner Yandee","B15.12",0.018122942172396
"Dh_17.088_MT",0.238529648510867,"1.01003410966374","0.904739866771161","0.0952443466331269","0.680243369077793",713098.244838994,7646327.52425762,"Abydos Turner Yandee","B15.12",0.0874161844709515
"Dh_17.093",0.256045137023106,"1.08391636240198","0.971016432459073","0.0199387282656742","0.653399055870753",713114.243184579,7648246.51602777,"Abydos Turner Yandee","B15.12",0.728730367239285
