"sampleid","PHt","Hs_obs","Hs_exp","IR","HL","UTMX","UTMY","pop","Buffer.1km","Buffer.2km","Buffer.5km","Buffer.10km","Buffer.15km","PHt.HotCold","Hs_obs.HotCold","Hs_exp.HotCold","IR.HotCold","HL.HotCold"
"Dh_11.285",0.242415885273028,1.02515992915339,0.926544072372407,0.074107074456533,0.676504069898941,692293.8807,7739009.92,"Poondano","B1.79","B2.46","B5.38","B10.28","B15.20",0.21610946109802,0.22139055798931,0.221598169218246,-0.215447879250705,-0.15306672660353
"Dh_11.292",0.249034749034749,1.05332192702583,0.95217043708426,0.0374657391229164,0.658255977005511,690400.7366,7731801.15,"Poondano","B1.68","B2.46","B5.38","B10.28","B15.20",0.456211041120683,0.46216817406642,0.464323436262488,-0.564242530742244,-0.641123864441704
"Dh_11.307",0.254966887417219,1.07843871186612,0.974783720691941,0.0169248036773257,0.653199712540055,690783.9557,7737137.081,"Poondano","B1.79","B2.46","B5.38","B10.28","B15.20",0.671401419684055,0.676910026003174,0.678509699672794,-0.759774935738463,-0.776356953048556
"Dh_11.309",0.237227285280309,1.00253754055751,0.906383725439569,0.0809528180839479,0.681570081688377,690385.35,7731872.25,"Poondano","B1.68","B2.46","B5.38","B10.28","B15.20",0.0278911956666922,0.0279751326790034,0.0306453888297629,-0.150282165692936,-0.0175729394639013
"Dh_11.310",0.237161789066814,1.00262228004945,0.906295480894415,0.0756542018189168,0.676611052684529,690460.3049,7730692.78,"Poondano","B1.68","B2.46","B5.38","B10.28","B15.20",0.0255152977918036,0.0286996328706903,0.029809562873622,-0.200720529817001,-0.150205402275722
"Dh_11.335",0.251862068965517,1.06546832812838,0.963265157780866,0.0393532332019736,0.66225112188278,690483.5376,7737084.53,"Poondano","B1.79","B2.46","B5.38","B10.28","B15.20",0.558773052826216,0.566016683488063,0.569409314581365,-0.546275176837073,-0.534271110817746
"Dh_11.337",0.251241036955323,1.06207514801922,0.959608617354863,0.0286899379103624,0.662789854125686,690397.3472,7731995.6,"Poondano","B1.68","B2.46","B5.38","B10.28","B15.20",0.536244901128249,0.537005893085179,0.534775656575666,-0.647780766934294,-0.51986236585632
"Dh_11.338",0.2348401323043,0.993085578364229,0.8974681261721,0.0926216583267009,0.684224427012872,691179.8924,7737071.08,"Poondano","B1.79","B2.46","B5.38","B10.28","B15.20",-0.0587036069957108,-0.0528366383628647,-0.0538005026335283,-0.0392046345733914,0.0534192562396623
"Dh_11.401",0.24910443648388,1.05307312741866,0.951508983840221,0.0439060273737756,0.656529552779353,713234.3359,7657192.127,"Abydos Turner Yandee","B1.46","B2.28","B5.24","B10.16","B15.12",0.458738977522829,0.460041003381774,0.458058348837802,-0.502936410877595,-0.687298205587047
"Dh_11.402",0.229494614747307,0.971429420105819,0.87789876766318,0.0997649580540174,0.686868924890035,718678.7912,7658073.154,"Abydos Turner Yandee","B1.45","B2.28","B5.24","B10.16","B15.12",-0.252614111529072,-0.237991050435007,-0.239155617312166,0.0287935624410906,0.124148075546145
"Dh_11.404",0.247587537910119,1.04716646749426,0.946389640697861,0.0447025300480061,0.665789370857434,688944.0449,7609297.321,"Turner River","B1.31","B2.22","B5.18","B10.18","B15.12",0.40371295532239,0.409540626880893,0.409569460722287,-0.495354376267207,-0.439638335896363
"Dh_11.405",0.240894039735099,1.01821219215803,0.92032436804962,0.0747094965798759,0.676012734748242,711559.7469,7652983.249,"Abydos Turner Yandee","B1.40","B2.28","B5.24","B10.16","B15.12",0.160903986055552,0.161989248520759,0.162686988890495,-0.209713328021907,-0.166207805442282
"Dh_12.066",0.245246624414439,1.03583421216824,0.935789397834857,0.0767997386089219,0.673527587042022,686538.0529,7566571.452,"Tom Price East","B1.13","B2.11","B5.13","B10.9","B15.8",0.318795505856261,0.312652848018923,0.309167128647992,-0.189815984395754,-0.232674700568596
"Dh_12.071",0.248551724137931,1.05039806669169,0.949193186366035,0.0526196080191012,0.66524108992147,719052.5038,7658096.496,"Abydos Turner Yandee","B1.45","B2.28","B5.24","B10.16","B15.12",0.438689145355581,0.437169943323507,0.43612380733484,-0.419990462080762,-0.454302466877093
"Dh_12.072",0.247794928335171,1.04737238600437,0.946599332527658,0.0622324746956274,0.668271507337895,719052.5038,7658096.496,"Abydos Turner Yandee","B1.45","B2.28","B5.24","B10.16","B15.12",0.411236114965672,0.411301175553434,0.411555599058987,-0.328484067683682,-0.373251977965574
"Dh_12.073",0.247519294377067,1.04597332143707,0.944937386949384,0.0489322955491262,0.665577589732137,719052.5038,7658096.496,"Abydos Turner Yandee","B1.45","B2.28","B5.24","B10.16","B15.12",0.401237397477118,0.39933954439437,0.395814147283231,-0.455090571184192,-0.445302560123202
"Dh_12.074",0.234775420225958,0.992183086050171,0.89654456930274,0.0924441244018764,0.679634805650772,719052.5038,7658096.496,"Abydos Turner Yandee","B1.45","B2.28","B5.24","B10.16","B15.12",-0.0610510600957924,-0.0605527083977764,-0.0625481572566704,-0.0408946080111301,-0.0693331584279537
"Dh_12.075",0.241160220994475,1.01939484410613,0.92143181025592,0.061580158277508,0.67034652865214,719052.5038,7658096.496,"Abydos Turner Yandee","B1.45","B2.28","B5.24","B10.16","B15.12",0.170559803617203,0.172100609156544,0.173176350463341,-0.334693570575663,-0.317754180497202
"Dh_12.076",0.25075778451364,1.06041500265796,0.958349182639539,0.0440687987613499,0.6608080766214,719052.5038,7658096.496,"Abydos Turner Yandee","B1.45","B2.28","B5.24","B10.16","B15.12",0.5187147510942,0.522812090350151,0.522846667386638,-0.501386964360844,-0.57286629685462
"Dh_12.078",0.234516928158547,0.99154894153482,0.895775461303603,0.0972849654221579,0.686667425913055,719052.5038,7658096.496,"Abydos Turner Yandee","B1.45","B2.28","B5.24","B10.16","B15.12",-0.0704279495503906,-0.0659744758926181,-0.0698329183445371,0.00518612134061811,0.118758854077548
"Dh_12.079",0.25523127753304,1.07871324657718,0.974544889432262,0.0281775366182403,0.659548598735307,716534.2983,7659334.187,"Abydos Turner Yandee","B1.45","B2.28","B5.24","B10.16","B15.12",0.680992262891633,0.679257225003716,0.676247561365785,-0.652658395669227,-0.606551853797302
"Dh_12.080",0.24571586511885,1.03766841446911,0.937648026712055,0.0687178900168723,0.668911729763664,716534.2983,7659334.187,"Abydos Turner Yandee","B1.45","B2.28","B5.24","B10.16","B15.12",0.335817375258016,0.328334791445203,0.32677150584416,-0.266748376116891,-0.356128811916089
"Dh_12.082",0.25,1.05661892503226,0.954541471113723,0.0394757989164462,0.666399628464818,717525.3461,7660189.895,"Abydos Turner Yandee","B1.45","B2.28","B5.24","B10.16","B15.12",0.491225854873988,0.490356632988791,0.486781161907288,-0.54510845446533,-0.423316598444495
"Dh_12.084",0.243116740088106,1.02798362972614,0.928847459575891,0.0682996311644607,0.675885706249401,720494.3083,7661339.796,"Abydos Turner Yandee","B1.52","B2.28","B5.24","B10.16","B15.12",0.241533212745533,0.245532449324643,0.243415164346445,-0.270729848116529,-0.169605265436061
"Dh_12.325",0.253924538694574,1.07366565358486,0.970190062544616,0.035809966724481,0.656350879414875,719444.5118,7663919.199,"Abydos Turner Yandee","B1.53","B2.28","B5.24","B10.16","B15.12",0.633589858024626,0.636101643033884,0.634999942707395,-0.580004089413707,-0.69207694117242
"Dh_12.331",0.236704326260678,1.00026590015333,0.903737493186737,0.0755239563746998,0.676076503576781,820825.8476,7607422.57,"McPhee Creek Mine","B1.30","B2.21","B5.17","B10.17","B15.11",0.00892067573747416,0.00855320943405569,0.00558106786766229,-0.201960356747718,-0.164502266560944
"Dh_12.339",0.25399889685604,1.07347649222858,0.970040812882843,0.0344999839589103,0.657992544887276,822151.2352,7608618.469,"McPhee Creek Mine","B1.30","B2.21","B5.17","B10.17","B15.11",0.636287226137688,0.634484363584274,0.633586294520559,-0.592474022018973,-0.648169528138796
"Dh_12.385",0.236333517393705,1.00006930081242,0.903814480194718,0.0779932311503251,0.677227142392322,844521.4816,7709639.564,"Callawa","B1.65","B2.43","B5.33","B10.27","B15.18",-0.00453054460060382,0.0068723371876662,0.00631026579648427,-0.178454940611562,-0.133727681497283
"Dh_12.387",0.236298540347012,0.999027524094811,0.902724430193124,0.0889990371827876,0.673244501331042,844598.9372,7709601.035,"Callawa","B1.65","B2.43","B5.33","B10.27","B15.18",-0.00579934910812138,-0.00203457757337769,-0.00401436201177074,-0.0736889367384895,-0.240246012413108
"Dh_12.390",0.237175951461666,1.00278835328042,0.906374984373877,0.0858076426271162,0.680446214589645,844723.687,7709607.723,"Callawa","B1.65","B2.43","B5.33","B10.27","B15.18",0.0260290435800965,0.0301195149695498,0.0305625960681594,-0.104068324980821,-0.0476314975127303
"Dh_12.391",0.227310344827586,0.961227949230223,0.868788309278937,0.123818461859108,0.69621605794465,844527.0912,7709630.215,"Callawa","B1.65","B2.43","B5.33","B10.27","B15.18",-0.331849260914383,-0.325210922016271,-0.325447156087778,0.257762659785909,0.374143241192767
"Dh_12.393",0.240220385674931,1.01568497932833,0.917715782472371,0.0694367776800092,0.676795294161437,844718.9573,7709660.165,"Callawa","B1.65","B2.43","B5.33","B10.27","B15.18",0.136466951232378,0.140382248789743,0.137979245987239,-0.259905171041465,-0.145277743894327
"Dh_12.394",0.242282249173098,1.02386153313153,0.925352588229249,0.0604955591922101,0.670296114826059,825014.7868,7733091.708,"Cattle Nimingarra Shay","B1.72","B2.47","B5.36","B10.27","B15.18",0.211261765194862,0.210289616206575,0.210312787538916,-0.345018040372414,-0.319102531133526
"Dh_12.395",0.230811706239647,0.975855378832997,0.88213410648795,0.120197989215164,0.689575205531831,825047.5935,7732986.415,"Cattle Nimingarra Shay","B1.72","B2.47","B5.36","B10.27","B15.18",-0.204836160549913,-0.20015027663719,-0.199039753871354,0.223298809530961,0.19652931516036
"Dh_12.396",0.244560727072432,1.03400861997886,0.934170705531567,0.054698485937995,0.666489393616871,817158.2989,7742314.561,"Nimingarra","B1.74","B2.50","B5.40","B10.27","B15.18",0.293914341735366,0.297044518763347,0.293835358964842,-0.400201295211923,-0.420915770947374
"Dh_12.397",0.248688931824455,1.05071419447691,0.949606687426371,0.0541830726191747,0.66589694149363,816891.5847,7742017.814,"Nimingarra","B1.74","B2.50","B5.40","B10.27","B15.18",0.44366640180195,0.439872752081813,0.440040365786328,-0.405107595904165,-0.436761289120906
"Dh_12.399",0.2439293598234,1.03045664128902,0.931289320977651,0.06292260626117,0.666406833351288,816952.0684,7741992.072,"Nimingarra","B1.74","B2.50","B5.40","B10.27","B15.18",0.271011275661721,0.266676042593076,0.266543745691933,-0.32191459643775,-0.423123899059988
"Dh_12.400",0.244830438378825,1.0356021859932,0.936011369212874,0.0579538984167349,0.673697355461967,817162.0018,7742043.601,"Nimingarra","B1.74","B2.50","B5.40","B10.27","B15.18",0.303698212977655,0.310669085732361,0.311269575195177,-0.369212510260585,-0.228134133528656
"Dh_12.401",0.236348593491451,0.998875848343245,0.902501602200421,0.0807838297810724,0.681443959128248,817168.596,7742086.577,"Nimingarra","B1.74","B2.50","B5.40","B10.27","B15.18",-0.00398365392273242,-0.0033313650400968,-0.00612492215722728,-0.151890792007205,-0.0209461695363735
"Dh_12.402",0.233461962513782,0.986344711871368,0.891236977354293,0.103017747899077,0.689798684779581,817111.4247,7742133.803,"Nimingarra","B1.74","B2.50","B5.40","B10.27","B15.18",-0.108697194438404,-0.110469259876322,-0.112820081797446,0.0597573821286848,0.202506413296589
"Dh_12.403",0.223110865968009,0.94234430088837,0.851557942146787,0.137762209156963,0.696686145396023,675264.7028,7685859.389,"Quarry Site 2a","B1.59","B2.35","B5.28","B10.24","B15.15",-0.484186813968056,-0.486661109292913,-0.488648043550641,0.390495390046953,0.386716036464614
"Dh_12.404",0.250206896551724,1.05819343658237,0.956849695722375,0.0443533631531297,0.666482462085037,675321.6446,7685778.817,"Quarry Site 2a","B1.59","B2.35","B5.28","B10.24","B15.15",0.498731099090899,0.503818289339968,0.508643975491378,-0.498678151023283,-0.421101159283979
"Dh_12.406",0.25564738292011,1.08058720936682,0.976456142726887,0.0217078108950054,0.656071879766945,675148.1814,7685771.417,"Quarry Site 2a","B1.59","B2.35","B5.28","B10.24","B15.15",0.696086630216318,0.695279110068493,0.694350381314821,-0.714244735477406,-0.699538968597522
"Dh_12.407",0.250207125103563,1.05672269494525,0.95493663290071,0.0413775223228367,0.658772644335346,675044.9704,7685849.395,"Quarry Site 2a","B1.59","B2.35","B5.28","B10.24","B15.15",0.498739389888177,0.491243838235501,0.49052401624307,-0.527005649348489,-0.627305259961421
"Dh_12.410",0.263636363636364,1.11419604736805,1.00679091517151,-0.00669739698996329,0.637839265580298,676344.0268,7681628.328,"Quarry Site 2a","B1.57","B2.36","B5.28","B10.24","B15.15",0.985889678261592,0.982625765292025,0.981672279100105,-0.984638390473179,-1.18718211833436
"Dh_14.001",0.150927720852949,0.637650508130866,0.576445000093023,0.430410330574926,0.800224160432092,484267.6107,7734278.784,"Dolphin Island","B1.73","B2.48","B5.39","B10.29","B15.00",-3.10265545406356,-3.09171226318991,-3.09443560172273,3.17625902530355,3.15590773069055
"Dh_14.002",0.143687707641196,0.607727881517674,0.549540901325387,0.453602254557988,0.806700764610239,484267.6107,7734278.784,"Dolphin Island","B1.73","B2.48","B5.39","B10.29","B15.00",-3.36528944595507,-3.3475427882586,-3.34926318383931,3.39702660840168,3.32912873063598
"Dh_14.003",0.146098505810736,0.617547944038358,0.558069107939794,0.443754592129141,0.809492496353701,484267.6107,7734278.784,"Dolphin Island","B1.73","B2.48","B5.39","B10.29","B15.00",-3.2778369056913,-3.26358385700066,-3.26848655979739,3.30328515619743,3.40379541565799
"Dh_14.004",0.168601437258154,0.712675965759432,0.644222806245285,0.371440526266508,0.768003637627436,484267.6107,7734278.784,"Dolphin Island","B1.73","B2.48","B5.39","B10.29","B15.00",-2.46153525782934,-2.45026448967883,-2.45246448006881,2.61491615515416,2.29414884818553
"Dh_14.005",0.143402879811931,0.604303020812427,0.546808259396473,0.457915352733615,0.808213751620294,484267.6107,7734278.784,"Dolphin Island","B1.73","B2.48","B5.39","B10.29","B15.00",-3.37562167431071,-3.37682443935952,-3.37514595142613,3.43808367035969,3.3695945543265
"Dh_14.006",0.165652654867257,0.70056331955785,0.633065967329183,0.370126251616536,0.778104963935513,484267.6107,7734278.784,"Dolphin Island","B1.73","B2.48","B5.39","B10.29","B15.00",-2.56850336242941,-2.55382440364561,-2.55813872359614,2.6024053674242,2.56431540395008
"Dh_14.007",0.167313019390582,0.707139697268448,0.639223176871825,0.369269932942513,0.77976771951773,484267.6107,7734278.784,"Dolphin Island","B1.73","B2.48","B5.39","B10.29","B15.00",-2.5082730631189,-2.4975981176146,-2.49981947514675,2.59425393487535,2.60878688571645
"Dh_14.009",0.16537610619469,0.698992339349632,0.631846811102838,0.378786046226197,0.782635793942356,484267.6107,7734278.784,"Dolphin Island","B1.73","B2.48","B5.39","B10.29","B15.00",-2.57853526150255,-2.56725586795976,-2.56968620697646,2.68483931846238,2.6854954055034
"Dh_14.010",0.159701079435372,0.674369638193464,0.609538125250532,0.392477683666294,0.787833139402377,484267.6107,7734278.784,"Dolphin Island","B1.73","B2.48","B5.39","B10.29","B15.00",-2.7843988267059,-2.77777343537863,-2.78098741148958,2.81517217521517,2.82450179726105
"Dh_14.011",0.134738009426116,0.569661929219651,0.51486970515916,0.492991630680792,0.818585229011345,484267.6107,7734278.784,"Dolphin Island","B1.73","B2.48","B5.39","B10.29","B15.00",-3.68994285468575,-3.67299658914084,-3.67765839099478,3.77198029368994,3.64698647687925
"Dh_14.012",0.162558847964553,0.687485859768179,0.621371278511997,0.390054268164499,0.781951206128312,484267.6107,7734278.784,"Dolphin Island","B1.73","B2.48","B5.39","B10.29","B15.00",-2.6807322815258,-2.66563321801892,-2.66890732062769,2.79210330074126,2.66718565822885
"Dh_14.013",0.149737060614448,0.632640417862172,0.571778506389579,0.437653123960625,0.803554113333813,484267.6107,7734278.784,"Dolphin Island","B1.73","B2.48","B5.39","B10.29","B15.00",-3.14584706743194,-3.13454720681469,-3.13863523530575,3.24520431814806,3.24496949138199
"Dh_16.075",0.253175041413584,1.07039824510464,0.967414083330832,0.0344266716429248,0.661470259364436,860563.2126,7634983.58,"Meentheena CP","B1.36","B2.25","B5.21","B10.13","B15.13",0.606401584044864,0.608166166716438,0.60870669731144,-0.593171893520418,-0.555155787806939
"Dh_16.080",0.264640883977901,1.11846357112971,1.01043115143868,0.00329445289756792,0.645715012357912,689534.732,7737027.463,"Poondano","B1.79","B2.46","B5.38","B10.28","B15.20",1.02232900226805,1.0191119621357,1.01615150898651,-0.889524395103043,-0.976540137658977
"Dh_16.084",0.250550660792952,1.05912000250589,0.956982168551461,0.0374049636245455,0.657600160124745,685044.0027,7737885.133,"Poondano","B1.80","B2.46","B5.38","B10.28","B15.20",0.511201266244283,0.511740182353878,0.509898718533459,-0.564821062299036,-0.658664114353948
"Dh_16.087",0.242357477278987,1.02494332404158,0.925965018467958,0.0705069025274997,0.677570138624512,690222.9963,7732396.387,"Poondano","B1.68","B2.46","B5.38","B10.28","B15.20",0.213990690843781,0.219538641705247,0.216113543709682,-0.249718483797825,-0.12455402371564
"Dh_16.088",0.231178281556115,0.973048885345647,0.880086663328351,0.113327832729922,0.684389329950116,594244.6033,7591823.382,"Mt Florance Station","B1.21","B2.14","B5.14","B10.11","B15.10",-0.191538513725651,-0.224145051953943,-0.218432523515412,0.157900706128221,0.0578296927736304
"Dh_16.092",0.231532524807056,0.978817127223395,0.88466228963265,0.105792398215929,0.686006606423152,595182.3907,7592045.96,"Mt Florance Station","B1.21","B2.14","B5.14","B10.11","B15.10",-0.178688216858204,-0.174828113057378,-0.175093558777587,0.0861697162171041,0.101084806123429
"Dh_16.093",0.142182727020272,0.600497248477524,0.543228848027733,0.465903502987838,0.806539293803101,482336.9263,7734355.686,"Dolphin Island","B1.73","B2.48","B5.39","B10.29","B15.00",-3.41988314028024,-3.4093627839145,-3.40904906605466,3.51412413282142,3.32481008865863
"Dh_16.098",0.229403606102635,0.969117793756799,0.875974425197227,0.123343892195101,0.691329694305397,730800.9711,7554785.183,"Quoll knoll","B1.7","B2.7","B5.7","B10.4","B15.4",-0.255915481698956,-0.257754842908082,-0.257382413979778,0.253245156287232,0.24345426091752
"Dh_16.100",0.261445118587976,1.10406533106729,0.997597526822476,0.000189615911959175,0.645044176861403,730743.856,7554691.866,"Quoll knoll","B1.7","B2.7","B5.7","B10.4","B15.4",0.906401503663178,0.896010826568606,0.894595252485067,-0.919079828180829,-0.994482070237821
"Dh_16.103",0.238463663995579,1.00812350551401,0.911607874998075,0.0780873035972187,0.674688836668799,730796.8103,7554783.029,"Quoll knoll","B1.7","B2.7","B5.7","B10.4","B15.4",0.072741262646395,0.0757336522204229,0.080126971993251,-0.177559450148934,-0.20161632244271
"Dh_16.105",0.236622073578595,0.999527418838757,0.903755733241226,0.104733033481131,0.687588345861355,405592.3853,7584154.284,"Pannawonica Yarraloola","B1.17","B2.17","B5.9","B10.10","B15.9",0.00593693114924949,0.00223938996550121,0.00575383221198237,0.0760854561836741,0.143389458314948
"Dh_16.111",0.245173745173745,1.03688043362195,0.937126381786791,0.0514564681861743,0.669658102874906,412092.7619,7590795.635,"Pannawonica Yarraloola","B1.19","B2.17","B5.9","B10.10","B15.9",0.31615178610746,0.321597764095333,0.321830641027371,-0.431062573644596,-0.336166576598703
"Dh_16.112",0.234799663771365,0.991198511740597,0.896219173388396,0.103354335410817,0.685353935811178,398306.5823,7594190.827,"Pannawonica Yarraloola","B1.22","B2.15","B5.9","B10.10","B15.9",-0.0601716170724691,-0.0689705577344524,-0.065630210099215,0.0629614117521917,0.0836287052206419
"Dh_16.114",0.260881542699725,1.10258242174647,0.996200641383922,0.0255765914195172,0.65829927118975,413074.0092,7592201.307,"Pannawonica Yarraloola","B1.19","B2.17","B5.9","B10.10","B15.9",0.885957592728751,0.88333234499415,0.881364371128476,-0.677417203334866,-0.639965933266752
"Dh_16.143",0.221636615811373,0.936921227905498,0.84674209384249,0.159882846439198,0.702985837370472,418610.1667,7661434.483,"Red Hill Chichester","B1.51","B2.32","B5.26","B10.22","B15.16",-0.537665750036219,-0.533026945642398,-0.534262319272098,0.601065226036234,0.555205404217596
"Dh_16.145",0.254555494202098,1.07623629254954,0.972807437465401,0.0376052399027538,0.665269751362731,418630.8352,7661454.509,"Red Hill Chichester","B1.51","B2.32","B5.26","B10.22","B15.16",0.656477988032173,0.658079924706728,0.659790935645562,-0.562914600811656,-0.453535897950145
"Dh_16.146",0.24434638720353,1.03308610070344,0.933826825541422,0.077864307580717,0.680220161975848,422371.8824,7667899.949,"Red Hill Chichester","B1.54","B2.38","B5.26","B10.22","B15.16",0.286139088604632,0.289157223517926,0.290578230481046,-0.179682184409341,-0.0536774220011104
"Dh_16.148",0.254826254826255,1.0760494528933,0.97226001735625,0.0418959999126701,0.661726668715691,422489.5868,7660751.438,"Red Hill Chichester","B1.50","B2.32","B5.26","B10.22","B15.16",0.666299923640516,0.656482495176981,0.654605935990983,-0.52207017937706,-0.548297952589896
"Dh_16.149",0.227588121010269,0.963353956727752,0.870827157897515,0.139514126000102,0.69864342304626,420650.4833,7656277.659,"Red Hill Chichester","B1.42","B2.30","B5.26","B10.22","B15.16",-0.321772833485771,-0.307034121515975,-0.306135791367435,0.407172162855072,0.439064702898312
"Dh_16.150",0.232974910394265,0.985227254752473,0.890254188341036,0.0991913688922482,0.686352531932295,418630.8352,7661454.509,"Red Hill Chichester","B1.51","B2.32","B5.26","B10.22","B15.16",-0.126365179104554,-0.120023222005523,-0.122128765583586,0.0233334767221331,0.110336809326366
"Dh_16.152",0.239028429478333,1.00976273966155,0.912483011437211,0.0920178988478268,0.678279095913341,418691.8082,7661513.473,"Red Hill Chichester","B1.51","B2.32","B5.26","B10.22","B15.16",0.0932283265342666,0.0897486696216961,0.0884160027737725,-0.0449519163004687,-0.105592498954881
"Dh_16.155",0.220409292035398,0.932723437987854,0.843561834052388,0.16361572331114,0.702052306079789,418366.6576,7661122.254,"Red Hill Chichester","B1.51","B2.32","B5.26","B10.22","B15.16",-0.582187345950494,-0.568916936606142,-0.564384789450847,0.636599069870122,0.530237501408574
"Dh_16.156",0.227260160353884,0.960977068408892,0.868626872877616,0.128599726942964,0.698214454175098,418366.6576,7661122.254,"Red Hill Chichester","B1.51","B2.32","B5.26","B10.22","B15.16",-0.333669720114366,-0.327355886530265,-0.326976233429098,0.303276276400263,0.427591650853711
"Dh_16.158",0.2449543820846,1.03582647571323,0.936136352135792,0.0828304225761026,0.676216018686023,422655.7353,7655885.424,"Red Hill Chichester","B1.41","B2.30","B5.26","B10.22","B15.16",0.308194313919111,0.312586703379519,0.312453376084705,-0.132408952325649,-0.160770844033696
"Dh_16.159",0.210374639769452,0.883097874871115,0.799151134868525,0.20257243904963,0.718188367505893,422716.7387,7668125.145,"Red Hill Chichester","B1.54","B2.38","B5.26","B10.22","B15.16",-0.946197839407933,-0.993202345541061,-0.985029658133245,1.00743419270461,0.961806981112434
"Dh_16.183",0.212052942833005,0.896236492850979,0.810447510216311,0.176927347691629,0.709045514195701,484005.163,7707192.844,"Karratha Roeburn","B1.63","B2.41","B5.31","B10.26","B15.19",-0.885316813325116,-0.880870644854607,-0.878033767231282,0.763314522358535,0.717275410372068
"Dh_16.200",0.230832873690017,0.976180644242718,0.882412557561923,0.10737299844544,0.68285473686082,844548.5902,7709593.316,"Callawa","B1.65","B2.43","B5.33","B10.27","B15.18",-0.204068303941611,-0.197369343611781,-0.196402348525382,0.101215699153592,0.0167860004117987
"Dh_16.203",0.229680998613037,0.970394497143453,0.877179227755646,0.124797759349084,0.69386967975658,844678.5046,7709671.588,"Callawa","B1.65","B2.43","B5.33","B10.27","B15.18",-0.24585297211549,-0.24683936740565,-0.245970884251858,0.267084747084658,0.311387827273995
"Dh_16.207",0.247380033094319,1.04589067807732,0.945128353437368,0.0528885494906227,0.666786727900716,817159.3703,7742227.857,"Nimingarra","B1.74","B2.50","B5.40","B10.27","B15.18",0.396185646115026,0.398632965577224,0.397622924779127,-0.417430365785775,-0.412963371734916
"Dh_16.229",0.232551724137931,0.983551141074444,0.888828736538634,0.105683137551528,0.690584385554233,451818.3262,7565566.688,"Pannawonica Red Hill","B1.12","B2.9","B5.12","B10.8","B15.6",-0.141716407419193,-0.134353549615732,-0.135630219000296,0.0851296467159656,0.223520492604129
"Dh_16.230",0.185534591194969,0.782509063527787,0.707704401860611,0.286295397453944,0.752690892023234,413164.9987,7589182.034,"Pannawonica Yarraloola","B1.19","B2.17","B5.9","B10.10","B15.9",-1.847279222147,-1.85321001648043,-1.8511857805193,1.80440624169219,1.88459948674395
"Dh_16.231",0.246760408050731,1.04266078676335,0.94223988441202,0.0580465118803351,0.670054013560617,410540.9813,7590582.002,"Pannawonica Yarraloola","B1.19","B2.17","B5.9","B10.10","B15.9",0.373708532618977,0.371018251085432,0.370264209510303,-0.368330908090093,-0.325577687270042
"Dh_16.233",0.226120857699805,0.954014056304232,0.86299241524014,0.127545531449895,0.690529840305002,413108.9559,7589393.046,"Pannawonica Yarraloola","B1.19","B2.17","B5.9","B10.10","B15.9",-0.374998319284271,-0.386887794133908,-0.380344132078931,0.293241223194339,0.222061644362955
"Dh_16.236",0.246692392502756,1.04237645887162,0.941920949491514,0.0652990786109734,0.67536155983178,413131.0303,7589382.982,"Pannawonica Yarraloola","B1.19","B2.17","B5.9","B10.10","B15.9",0.371241245011496,0.36858732298633,0.367243353270255,-0.299292581233285,-0.183623902993761
"Dh_16.239",0.231363887355052,0.978216319341294,0.884443437645094,0.114150027377876,0.69006062732009,594738.2317,7624586.452,"Coolawanyah Station North","B1.34","B2.24","B5.20","B10.20","B15.10",-0.184805598955011,-0.179964861175457,-0.177166459390686,0.165727306689588,0.209512237266552
"Dh_16.241",0.226883797957494,0.958113053625371,0.865993008537247,0.115989031665564,0.69610626796153,594782.945,7624259.867,"Coolawanyah Station North","B1.34","B2.24","B5.20","B10.20","B15.10",-0.347322396659389,-0.351842453680411,-0.351923409221015,0.183233078621079,0.371206836537343
"Dh_16.242",0.240110650069156,1.01336607052171,0.915877356762268,0.098276328035087,0.678315660718107,594829.5125,7624197.385,"Coolawanyah Station North","B1.34","B2.24","B5.20","B10.20","B15.10",0.132486254049321,0.120556193234765,0.120566227151238,0.0146230584481232,-0.104614549419885
"Dh_16.251",0.230578512396694,0.975120618495017,0.881414409662898,0.109362872253285,0.688459506793633,589319.4431,7601213.057,"Coolawanyah Station South","B1.27","B2.19","B5.16","B10.11","B15.10",-0.213295348132589,-0.206432282742303,-0.205856507086875,0.120157621848278,0.166689225237831
"Dh_16.253",0.239046034387133,1.01199943610297,0.9146879096148,0.0730561616230574,0.673724946294635,589859.0187,7601389.146,"Coolawanyah Station South","B1.27","B2.19","B5.16","B10.11","B15.10",0.0938669507107429,0.108871831248673,0.109300139286241,-0.225451684302095,-0.227396198726309
"Dh_16.255",0.242659279778393,1.02436049760387,0.925935327677492,0.0751230557655504,0.679841453363319,589806.4946,7601191.629,"Coolawanyah Station South","B1.27","B2.19","B5.16","B10.11","B15.10",0.224938681249815,0.214555630169839,0.215832321416718,-0.205776592891348,-0.0638062306708704
"Dh_16.256",0.239790286975717,1.01436832751474,0.916866611865845,0.0710502870599836,0.674689540972094,588877.6468,7600776.166,"Coolawanyah Station South","B1.27","B2.19","B5.16","B10.11","B15.10",0.120864971653314,0.129125224827318,0.129936155812229,-0.244545920710045,-0.201597485392047
"Dh_16.257",0.333241379310345,1.40815947878088,1.27220494517948,-0.217978616179372,0.549638995943593,451695.9822,7565881.558,"Pannawonica Red Hill","B1.12","B2.9","B5.12","B10.8","B15.6",3.5108357781462,3.49593517430575,3.49559464129825,-2.99585764716514,-3.5461558153032
"Dh_16.260",0.168049155145929,0.703564704099479,0.637528993095468,0.367620005890562,0.777553862133316,446997.2798,7565963.882,"Pannawonica Red Hill","B1.15","B2.9","B5.12","B10.8","B15.6",-2.48156948311894,-2.52816336148029,-2.51586627749902,2.57854801897922,2.54957582706341
"Dh_16.261",0.217463848720801,0.917312612273777,0.829669655662929,0.16225468454208,0.700681002945237,453942.1782,7561288.229,"Pannawonica Red Hill","B1.9","B2.9","B5.12","B10.8","B15.6",-0.689034324398959,-0.700675411058927,-0.695967350899683,0.623643127113166,0.493561105312471
"Dh_16.262",0.24800220446404,1.04846617526643,0.947375532929007,0.0554809174263817,0.669487513910106,453942.1782,7561288.229,"Pannawonica Red Hill","B1.9","B2.9","B5.12","B10.8","B15.6",0.418755128475248,0.420652783781033,0.418907537260746,-0.392753206439419,-0.340729089645591
"Dh_16.263",0.236057426836002,0.998223233877145,0.902501469512614,0.103743842079885,0.688294286175947,453907.0345,7562754.657,"Pannawonica Red Hill","B1.9","B2.9","B5.12","B10.8","B15.6",-0.014545825398073,-0.00891104571746782,-0.00612617893647557,0.0666691871827056,0.162270292133391
"Dh_16.270",0.236333517393705,0.999270369017069,0.90339153530277,0.0975338387622056,0.678224813807014,352352.1329,7567695.742,"Cane River CP","B1.14","B2.12","B5.8","B10.5","B15.5",-0.00453054460060382,4.16821338548243e-05,0.00230425819464995,0.00755518592620463,-0.10704430926758
"Dh_16.281",0.239922694643843,1.0138212597615,0.916687453300866,0.0878540906039445,0.675725925358737,818552.4521,7606551.758,"McPhee Creek Mine","B1.32","B2.21","B5.17","B10.17","B15.11",0.125668105766458,0.124447940564518,0.128239219433747,-0.084587863846575,-0.173878709495895
"Dh_16.285",0.247584874413469,1.04663447539241,0.945953764933496,0.0548120433310817,0.663395752988463,524947.6303,7640876.624,"Millstream Python","B1.37","B2.26","B5.22","B10.14","B15.14",0.403616336057049,0.404992235440928,0.405440975761848,-0.399120324472583,-0.503657205869832
"Dh_16.286",0.261806130903065,1.10840434133085,1.00245538438182,0.00303019536757128,0.646566278928639,524815.9061,7641246.398,"Millstream Python","B1.37","B2.26","B5.22","B10.14","B15.14",0.919497350681786,0.933108214052484,0.940607427314112,-0.892039904219727,-0.953772458402151
"Dh_16.287",0.257433920704846,1.08796883661649,0.982908743151479,0.034543395284317,0.655339685511644,524947.6303,7640876.624,"Millstream Python","B1.37","B2.26","B5.22","B10.14","B15.14",0.760893908372737,0.758390066187294,0.75546748390817,-0.592060782763959,-0.719121981171533
"Dh_16.311",0.153335178522004,0.648276360878871,0.585844987779078,0.418325424545623,0.792449268092672,482404.5225,7734433.887,"Dolphin Island","B1.73","B2.48","B5.39","B10.29","B15.00",-3.0153240916142,-3.00086403910298,-3.00540172793824,3.06122089832428,2.9479631676977
"Dh_16.352",0.246484698097601,1.04282186549174,0.942692331855665,0.0467125267285677,0.660847706301517,669823.4601,7731730.632,"Quarry Site 1a","B1.69","B2.54","B5.37","B10.28","B15.20",0.363707058384482,0.372395431511273,0.374549656463746,-0.476220900772594,-0.571806375230792
"Dh_16.353",0.254826254826255,1.0769815106858,0.973423957498408,0.025844399275189,0.652246476591834,672000.299,7729042.852,"Quarry Site 1a","B1.70","B2.54","B5.37","B10.28","B15.20",0.666299923640516,0.664451342214779,0.665630429125515,-0.674867898107989,-0.801851869766167
"Dh_16.355",0.251929437706725,1.06514512409846,0.962258710433816,0.0507101697740402,0.66071942563316,672000.299,7729042.852,"Quarry Site 1a","B1.70","B2.54","B5.37","B10.28","B15.20",0.561216877293751,0.56325337471348,0.559876546128815,-0.438166705963982,-0.575237325314394
"Dh_16.421",0.233149171270718,0.985262811341304,0.890877656963346,0.103180485355208,0.684133058295813,671970.0942,7729098.514,"Quarry Site 1a","B1.70","B2.54","B5.37","B10.28","B15.20",-0.120043805334259,-0.119719222597053,-0.116223457142631,0.061306505646674,0.0509755403513107
"Dh_16.426",0.220624827204866,0.932253443574464,0.8429475933394,0.144815879172756,0.693940941495422,697396.8415,7632451.486,"Quarry Site 1b","B1.35","B2.27","B5.23","B10.15","B15.12",-0.574368732876901,-0.57293526424533,-0.57020269389285,0.457640387697671,0.313293768924978
"Dh_16.435",0.252826027019575,1.06888578437468,0.966214469305042,0.0290038357379889,0.66052929022039,682173.4487,7680204.144,"Quarry Site 2a","B1.56","B2.33","B5.28","B10.24","B15.15",0.593740965777293,0.5952350284279,0.597344311813773,-0.644792723993335,-0.580322620851859
"Dh_16.440",0.247860888766216,1.04734807671733,0.946799225621119,0.0563363260792028,0.670774419537672,498480.9406,7708043.335,"Karratha Chichester","B1.64","B2.42","B5.32","B10.26","B15.19",0.413628852493293,0.411093337593622,0.413448926693872,-0.384610436525959,-0.306309959880865
"Dh_16.441",0.243243243243243,1.02768126584173,0.928747872669371,0.0626703267212609,0.67338870051594,721720.1755,7749597.639,"De grey Station","B1.75","B2.51","B5.41","B10.30","B15.20",0.246122158600849,0.24294731826946,0.242471906933582,-0.324316085177171,-0.23638931122954
"Dh_16.443",0.241455347298787,1.02059495299715,0.922203776698026,0.0799771111235572,0.674854306761218,680490.2283,7678909.307,"Quarry Site 2a","B1.55","B2.33","B5.28","B10.24","B15.15",0.181265612729239,0.182361222026469,0.180488185868645,-0.159570074174129,-0.197190716973936
"Dh_16.445",0.237306843267108,1.00258949750833,0.90609387355131,0.085044933127113,0.682299044103449,729136.71,7783331.581,"Quarry Site 2b","B1.77","B2.53","B5.42","B10.31","B15.20",0.0307771892482992,0.028419350834751,0.0278999983784825,-0.111328677034607,0.00192363543679703
"Dh_16.447",0.27140104596752,1.14736618116801,1.03659524832466,-0.0173479958503671,0.641155673335913,682118.9904,7680264.531,"Quarry Site 2a","B1.56","B2.33","B5.28","B10.24","B15.15",1.26755622454504,1.26622161589498,1.26397001446043,-1.08602312123878,-1.09848263140373
"Dh_16.450",0.24910443648388,1.05308369872081,0.951543847879174,0.0387610003070166,0.662261757467024,671567.8444,7698940.647,"Indee Quarry 2","B1.62","B2.40","B5.35","B10.24","B15.15",0.458738977522829,0.46013138521271,0.458388570594195,-0.551912735193437,-0.533986655185277
"Dh_16.453",0.239106453392168,1.01098368846583,0.913385263614224,0.0931667416856914,0.677671137212902,671567.8444,7698940.647,"Indee Quarry 2","B1.62","B2.40","B5.35","B10.24","B15.15",0.0960586710867072,0.100187458225343,0.0969618657187979,-0.0340159000880927,-0.121852750642165
"Dh_16.465",0.256812551610239,1.08590964162538,0.981055348027013,0.0226270837940663,0.650080766574661,671277.4449,7658270.041,"Wodgina","B1.47","B2.29","B5.25","B10.21","B15.15",0.738353528820704,0.740784494904917,0.737912679253555,-0.705494031728916,-0.859775195701749
"Dh_16.467",0.24317617866005,1.02788251426403,0.928765319151066,0.0643323852351793,0.673513793668292,718906.9511,7659920.758,"Abydos Turner Yandee","B1.45","B2.28","B5.24","B10.16","B15.12",0.243689367570865,0.244667938929263,0.24263715479359,-0.308494687980742,-0.233043613338993
"Dh_16.468",0.242616616064035,1.02559950046461,0.92688749025591,0.0729472094393056,0.68206710693302,671792.3455,7655065.932,"Wodgina","B1.49","B2.29","B5.25","B10.21","B15.15",0.223391040205104,0.225148776170095,0.224850920766049,-0.226488817327268,-0.0042796753540324
"Dh_16.473",0.251445882676949,1.06278745124911,0.960349174255225,0.0409923880662977,0.664251827542446,671390.1531,7658023.067,"Wodgina","B1.47","B2.29","B5.25","B10.21","B15.15",0.543675750771617,0.54309589686949,0.541789990189621,-0.530671803094358,-0.480760933967167
"Dh_16.479",0.229815376136677,0.971316561624164,0.877698042094854,0.104716317378892,0.687353479157974,699435.2337,7509971.922,"Koodaideri West","B1.3","B2.3","B5.3","B10.3","B15.1",-0.240978380809941,-0.238955960534427,-0.241056829900154,0.0759263329693681,0.137107795255961
"Dh_16.480",0.165192672141503,0.68712517379806,0.621564197412683,0.377980199427299,0.779242751425527,714979.5639,7500701.876,"Koodaideri East","B1.1","B2.1","B5.1","B10.3","B15.1",-2.58518939544241,-2.66871698744576,-2.66708005046224,2.67716833565517,2.59474627193652
"Dh_16.493",0.224551724137931,0.948716040264198,0.857545608274043,0.121048177789572,0.700164725647795,590515.9132,7555966.463,"Tom Price West","B1.8","B2.8","B5.11","B10.7","B15.7",-0.431919183806579,-0.432184426774664,-0.431934659656681,0.231391888694499,0.479752932502745
"Dh_16.496",0.233122072196197,0.985117179000974,0.890021919452682,0.111927625343896,0.690169434036279,680317.3567,7561559.746,"Tom Price East","B1.10","B2.10","B5.13","B10.9","B15.8",-0.1210268336672,-0.12096434049981,-0.124328747070843,0.144571911127217,0.212422343807048
"Dh_16.497",0.236965517241379,1.00059279653659,0.903964590367553,0.0775942771711296,0.675553313745381,680490.4539,7561619.777,"Tom Price East","B1.10","B2.10","B5.13","B10.9","B15.8",0.0183954692083205,0.0113480868508519,0.00773206448689968,-0.182252646477565,-0.178495319596696
"Dh_16.498",0.255371900826446,1.07918575064345,0.975139589110513,0.018405177468492,0.652748439728253,680519.6998,7561649.341,"Tom Price East","B1.10","B2.10","B5.13","B10.9","B15.8",0.686093421663029,0.683297009509719,0.68188037896741,-0.745683024080065,-0.78842653852242
"Dh_16.554",0.226206896551724,0.956505391710855,0.864525974373163,0.131124376989316,0.698224186735928,409914.91,7573926.552,"Red Hill Hammersley North","B1.16","B2.13","B5.10","B10.10","B15.9",-0.371877230071262,-0.365587536859113,-0.365818718338956,0.327308818474338,0.427851954536419
"Dh_16.555",0.246416758544653,1.04137394862311,0.940989463966137,0.0596769071838783,0.671512586508979,410913.1711,7573821.501,"Red Hill Hammersley North","B1.16","B2.13","B5.10","B10.10","B15.9",0.361242527522978,0.36001612612656,0.35842060078713,-0.352810917988338,-0.286567203124487
"Dh_16.881",0.254134509371555,1.07365127423691,0.970050201520294,0.0232571977447709,0.652562515418812,660788.8083,7513499.437,"Karijini NP","B1.4","B2.4","B5.4","B10.2","B15.3",0.641206617202105,0.635978703420868,0.633675220888309,-0.699495877626864,-0.793399205356716
"Dh_16.882",0.226968174204355,0.959516966176218,0.867407415918302,0.138437469347852,0.698462580539663,660718.7139,7513675.906,"Karijini NP","B1.4","B2.4","B5.4","B10.2","B15.3",-0.344261619021863,-0.33983937354722,-0.338526565262218,0.396923298331484,0.434227952193202
"Dh_16.883",0.168247767857143,0.710168835117735,0.642229423506203,0.364300315132044,0.776609133969979,660927.3607,7513118.401,"Karijini NP","B1.4","B2.4","B5.4","B10.2","B15.3",-2.47436473809142,-2.4716997920262,-2.47134520556794,2.54694735894229,2.52430845659757
"Dh_16.910",0.251929437706725,1.06478390222811,0.962181455525043,0.0346214150269921,0.661312241403675,1041751.047,7506157.575,"Karlamilyi East","B1.2","B2.2","B5.2","B10.1","B15.2",0.561216877293751,0.560165023481735,0.559144810723765,-0.591318100525223,-0.559382081157508
"Dh_17.053",0.22682119205298,0.959617947760767,0.867257277225412,0.122665337622331,0.690518416881999,446046.0019,7599241,"Pannawonica","B1.26","B2.18","B5.15","B10.12","B15.9",-0.349593447572916,-0.338976007769495,-0.33994863408607,0.246785888261862,0.221756117469394
"Dh_17.055",0.259575640672362,1.09771237510645,0.991789027526537,0.0148394668380054,0.648388734628277,447372.0018,7601566.999,"Pannawonica","B1.29","B2.18","B5.15","B10.12","B15.9",0.838585543474917,0.841694737269029,0.83957888326587,-0.779625586089785,-0.905029692908975
"Dh_17.056",0.245594713656388,1.03817868243839,0.938053654023543,0.0605418085480886,0.668036433749686,438303.004,7603199,"Pannawonica","B1.28","B2.20","B5.15","B10.12","B15.9",0.331422563911783,0.332697447310752,0.330613486499957,-0.344577785457617,-0.379539174294124
"Dh_2012.077",0.24090407938258,1.01845639410884,0.920217216046625,0.0671989794829818,0.672011923450632,719052.5038,7658096.496,"Abydos Turner Yandee","B1.45","B2.28","B5.24","B10.16","B15.12",0.161268177752168,0.164077110462363,0.161672077144965,-0.281207125108746,-0.273212111171413
"Dh_2012.088",0.242064587358543,1.02325720285741,0.924946836961457,0.0720316210362586,0.678732946529073,822072.3959,7608995.676,"McPhee Creek Mine","B1.30","B2.21","B5.17","B10.17","B15.11",0.20336600733269,0.205122752570519,0.206469632806055,-0.235204447776945,-0.0934539684347959
"Dh_11.306",0.242215486359879,1.02397416771307,0.925457108497887,0.0704425400005769,0.675166664703147,701430.1036,7736733.29,"Poondano","B1.78","B2.49","B5.38","B10.28","B15.20",0.208839920975413,0.211252612019369,0.211302772283219,-0.250331160845284,-0.188836500234182
"Dh_11.313",0.246624414439239,1.04244715020847,0.941921715786036,0.0507324140569724,0.660701233703111,690968.2636,7734080.48,"Poondano","B1.68","B2.46","B5.38","B10.28","B15.20",0.368775317165736,0.369191715176158,0.367250611382929,-0.437954959125544,-0.575723880340354
"Dh_11.314",0.247724137931034,1.04764110575529,0.946925084736142,0.043782742357266,0.662169287521612,690486.5372,7731213.4,"Poondano","B1.68","B2.46","B5.38","B10.28","B15.20",0.408668168487904,0.413598658186321,0.414641026613132,-0.504109980398904,-0.536459824143667
"Dh_11.326",0.245575221238938,1.03639118607572,0.936737378173785,0.0563449450371613,0.664203772297838,700728.1569,7736975.43,"Poondano","B1.78","B2.49","B5.38","B10.28","B15.20",0.330715469703971,0.317414827274359,0.31814611507491,-0.384528391305445,-0.482046202804764
"Dh_11.329",0.242206896551724,1.02372459867288,0.925153239109336,0.0648474478502724,0.671279578876983,691682.6551,7737048.83,"Poondano","B1.79","B2.46","B5.38","B10.28","B15.20",0.208528322703512,0.209118862886378,0.208424612258887,-0.303591725692604,-0.292799144107613
"Dh_11.330",0.259647188533627,1.09725159874738,0.991485649998142,0.0143057890573094,0.650513340778816,685583.8716,7737277.71,"Poondano","B1.80","B2.46","B5.38","B10.28","B15.20",0.841180966972878,0.837755221550575,0.836705381993924,-0.784705749075982,-0.848205716676436
"Dh_11.333",0.247724137931034,1.04733703537932,0.946743587596748,0.0554132239903263,0.666833225887285,692117.9005,7737090.69,"Poondano","B1.79","B2.46","B5.38","B10.28","B15.20",0.408668168487904,0.410998937080691,0.412921939956772,-0.393397590936388,-0.411719752778534
"Dh_11.397",0.253649132470394,1.07260731078804,0.969188410425612,0.0272272754578779,0.656431747330952,710308.4254,7655014.873,"Abydos Turner Yandee","B1.48","B2.28","B5.24","B10.16","B15.12",0.623599401663201,0.627053092687245,0.625512593221644,-0.661704081565681,-0.689914076050352
"Dh_11.400",0.257442116868798,1.08814933637412,0.98328429333268,0.0266244782833909,0.658619886953393,713267.4411,7658144.118,"Abydos Turner Yandee","B1.46","B2.28","B5.24","B10.16","B15.12",0.76119122706456,0.759933291264631,0.759024582975692,-0.667442202965486,-0.631390855703125
"Dh_11.409",0.250344257780226,1.0579714582672,0.955916154969536,0.048146279465758,0.663975510247655,712917.9665,7648812.687,"Abydos Turner Yandee","B1.38","B2.28","B5.24","B10.16","B15.12",0.503713925325806,0.50192043359161,0.499801756508023,-0.462572782281822,-0.488151220109312
"Dh_11.411",0.274558498896247,1.16065316368696,1.04934020949701,-0.0348689736035516,0.631594920271975,711474.4916,7651201.336,"Abydos Turner Yandee","B1.40","B2.28","B5.24","B10.16","B15.12",1.38209392532367,1.37982179405925,1.38468647732246,-1.25280807253956,-1.35419120342898
"Dh_11.412",0.259851198677322,1.09819015651476,0.992245912572128,0.0132363745085925,0.655305702226022,713113.2143,7646262.954,"Abydos Turner Yandee","B1.38","B2.28","B5.24","B10.16","B15.12",0.848581505736812,0.845779641650456,0.843906361858584,-0.794885674873541,-0.720030886294488
"Dh_11.413",0.236413793103448,0.999502265727166,0.903421447988748,0.0778574836305513,0.683024069077597,713310.3939,7644665.615,"Abydos Turner Yandee","B1.38","B2.28","B5.24","B10.16","B15.12",-0.00161851537011781,0.00202433752947692,0.00258758221558114,-0.179747142667498,0.0213149009137115
"Dh_12.087",0.243384785005513,1.02887555190905,0.929688007078364,0.0539717582145143,0.668828422798317,722048.3596,7662224.655,"Abydos Turner Yandee","B1.52","B2.28","B5.24","B10.16","B15.12",0.251256635149038,0.253158147540377,0.251376579057239,-0.407119131058591,-0.358356911000562
"Dh_12.260",0.249655172413793,1.05417127824873,0.952697700097992,0.047237633730939,0.658088834317258,676126.6221,7729971.281,"Quarry Site 1a","B1.71","B2.55","B5.37","B10.28","B15.20",0.478717114512459,0.469429901859609,0.469317513934046,-0.471222324377377,-0.645594204576191
"Dh_12.277",0.259657836644592,1.09780878816793,0.99225787087931,0.0238916785519213,0.650916201634009,829495.0153,7726371.089,"Cattle Nimingarra Shay","B1.67","B2.45","B5.36","B10.27","B15.18",0.841567230893544,0.842519043385626,0.844019627369974,-0.693456154729401,-0.837430940535125
"Dh_12.279",0.236849352795373,1.00125822171601,0.904573587771757,0.0824966942017249,0.682938942883532,837952.461,7724327.039,"Cattle Nimingarra Shay","B1.66","B2.44","B5.36","B10.27","B15.18",0.0141815636147656,0.0170372957309943,0.0135003058752816,-0.135585765369553,0.0190381453714695
"Dh_12.284",0.250068927488282,1.05695363559034,0.955249934133189,0.0578751072795576,0.66465701970956,837896.9334,7724451.303,"Cattle Nimingarra Shay","B1.66","B2.44","B5.36","B10.27","B15.18",0.493726223432595,0.493218319528765,0.49349151187399,-0.36996253552528,-0.469923805369071
"Dh_12.285",0.235456299972429,0.995263974894627,0.899519722666566,0.0854538280061676,0.68010158079674,844930.1075,7709498.816,"Callawa","B1.65","B2.43","B5.33","B10.27","B15.18",-0.0363519109943137,-0.0342119255198461,-0.0343683938430079,-0.107436342174593,-0.0568489529229948
"Dh_12.292",0.239591949269369,1.01275488195178,0.915205930558201,0.081331426575429,0.681838742732684,845047.2296,7709558.003,"Callawa","B1.65","B2.43","B5.33","B10.27","B15.18",0.113670202522752,0.115330692987663,0.114206678830001,-0.146678131734143,-0.010387424731
"Dh_12.296",0.242825607064018,1.02640327369636,0.927695951572981,0.0683722820963136,0.668499539317842,721081.6785,7622358.581,"Quarry Site 2c","B1.33","B2.23","B5.19","B10.19","B15.12",0.230972261259485,0.232020824221656,0.232508424719009,-0.270038272434982,-0.367153114039438
"Dh_12.297",0.258615936035291,1.09356819824095,0.988428153377676,0.00695166933633013,0.650056768517121,721052.8872,7622358.974,"Quarry Site 2c","B1.33","B2.23","B5.19","B10.19","B15.12",0.803771924701185,0.806263123688322,0.807745687865079,-0.854710774868606,-0.860417039391663
"Dh_12.344",0.254891154588041,1.07731299704635,0.973417842370424,0.0256863550363138,0.660692358820395,430784.9962,7527847.225,"Red Hill Hammersley South","B1.5","B2.5","B5.5","B10.6","B15.6",0.668654185022664,0.667285462720604,0.66557250846101,-0.676372346150529,-0.575961244862898
"Dh_16.107",0.244003308519438,1.03072797505089,0.931285286580857,0.0775694191308597,0.67621037706822,412792.0648,7590818.289,"Pannawonica Yarraloola","B1.19","B2.17","B5.9","B10.10","B15.9",0.273693790274278,0.268995874326614,0.266505533091347,-0.18248927408444,-0.160921732778827
"Dh_16.117",0.247237569060773,1.04469132558548,0.944563095260484,0.0689863998188092,0.667200407270541,392189.0322,7596848.782,"Pannawonica Yarraloola","B1.24","B2.16","B5.9","B10.10","B15.9",0.391017713856226,0.388378819719767,0.392268968278631,-0.264192388952779,-0.401899247368684
"Dh_16.118",0.252619966905681,1.0679920400089,0.965464408624383,0.0423887057919911,0.662742423198513,413733.6281,7588063.337,"Pannawonica Yarraloola","B1.19","B2.17","B5.9","B10.10","B15.9",0.58626606363295,0.587593751031688,0.590239961233445,-0.517380034383684,-0.521130936917213
"Dh_16.120",0.251034482758621,1.06178138374421,0.959944046643448,0.057138059024899,0.666793789628437,413675.9866,7588052.401,"Pannawonica Yarraloola","B1.19","B2.17","B5.9","B10.10","B15.9",0.528752075958575,0.534494286410613,0.53795274254013,-0.376978614136374,-0.412774501224456
"Dh_16.121",0.26530612244898,1.121551914523,1.01367226042361,0.0152916661172394,0.65266566833686,413828.9026,7587646.752,"Pannawonica Yarraloola","B1.19","B2.17","B5.9","B10.10","B15.9",1.0464607586764,1.04551647942996,1.04685032455136,-0.775321029812863,-0.790640313332428
"Dh_16.123",0.252421810130086,1.06677244780145,0.964329695011051,0.051791935120816,0.669498446825985,406826.032,7589595.579,"Pannawonica Yarraloola","B1.20","B2.17","B5.9","B10.10","B15.9",0.579077857828246,0.577166560971304,0.579492293044389,-0.427869210971267,-0.340436681684752
"Dh_16.125",0.261445118587976,1.10577208386676,0.99947876087568,0.0239178180406804,0.66114655955891,406192.2012,7589630.499,"Pannawonica Yarraloola","B1.20","B2.17","B5.9","B10.10","B15.9",0.906401503663178,0.910603110544717,0.912413739151865,-0.693207328812199,-0.563813350080786
"Dh_16.128",0.244819010776458,1.03432375441705,0.934998644952617,0.067493069156717,0.677384257513606,398209.6006,7592397.221,"Pannawonica Yarraloola","B1.22","B2.15","B5.9","B10.10","B15.9",0.303283672735861,0.299738834667881,0.301677353696847,-0.278407639109566,-0.129525535176963
"Dh_16.129",0.244493392070485,1.03320472122593,0.93343773335982,0.0700083538221984,0.672773420255929,412818.3334,7590911.419,"Pannawonica Yarraloola","B1.19","B2.17","B5.9","B10.10","B15.9",0.291471741171232,0.290171397538973,0.286892865633316,-0.254464247573458,-0.252845382799486
"Dh_16.132",0.251103752759382,1.06126522577723,0.959290496705159,0.0644824564256532,0.668356092282608,407886.8379,7586822.698,"Pannawonica Yarraloola","B1.18","B2.17","B5.9","B10.10","B15.9",0.531264869276226,0.530081272626165,0.531762512865275,-0.307066136643743,-0.37098969849002
"Dh_16.134",0.238148354712772,1.00607494250077,0.909694497759508,0.0955163747181018,0.681065305932226,392296.3508,7596837.053,"Pannawonica Yarraloola","B1.24","B2.16","B5.9","B10.10","B15.9",0.0613033089849811,0.0582189815303015,0.0620040346820232,-0.0116493725799998,-0.0310734960555341
"Dh_16.135",0.24124513618677,1.01956713733402,0.92175664919093,0.0816076692613268,0.681790715023909,411120.7571,7595527.019,"Pannawonica Yarraloola","B1.25","B2.17","B5.9","B10.10","B15.9",0.173640131687387,0.173573670580151,0.17625312776411,-0.144048534027686,-0.011671957104796
"Dh_16.137",0.254615596583081,1.07564558232873,0.971829910722249,0.0424153546809832,0.662835385989304,405392.5604,7584302.761,"Pannawonica Yarraloola","B1.17","B2.17","B5.9","B10.10","B15.9",0.658658222760769,0.653029508915803,0.650532094509007,-0.517126359405302,-0.518644586487943
"Dh_16.138",0.242073338847532,1.02261904599689,0.924068255445986,0.0760223269846997,0.677440057199571,411622.7536,7591394.604,"Pannawonica Yarraloola","B1.19","B2.17","B5.9","B10.10","B15.9",0.203683470632956,0.199666680588153,0.198147971292193,-0.197216288289354,-0.128033136207744
"Dh_16.139",0.248068432671082,1.04892876528696,0.948256302275328,0.0591604747034532,0.671305484808068,414019.9401,7587990.606,"Pannawonica Yarraloola","B1.19","B2.17","B5.9","B10.10","B15.9",0.421157579670092,0.424607805824171,0.427249921254495,-0.357726920240678,-0.292106273096258
"Dh_16.140",0.24393605292172,1.03131058592186,0.932070002600029,0.0764830677087664,0.677107397098985,413604.5922,7591909.962,"Pannawonica Yarraloola","B1.19","B2.17","B5.9","B10.10","B15.9",0.271254070126108,0.273977042823543,0.273938128679879,-0.19283042465159,-0.136930347412944
"Dh_16.249",0.249586776859504,1.05512007669463,0.953517346205435,0.0516648287016563,0.665739491091857,588970.7057,7601028.475,"Coolawanyah Station South","B1.27","B2.19","B5.16","B10.11","B15.10",0.476236042044057,0.477541877046037,0.477080956878368,-0.429079157027258,-0.440972402736425
"Dh_16.254",0.253858875413451,1.07361270798777,0.970327154480272,0.0343313899222647,0.663205997872026,589507.0946,7601265.697,"Coolawanyah Station South","B1.27","B2.19","B5.16","B10.11","B15.10",0.631207899713551,0.635648972214616,0.636298436546293,-0.594078895250801,-0.508732330134006
"Dh_16.266",0.274206896551724,1.15893322177373,1.04736766571127,-0.0344047532777035,0.630647703602393,449360.8294,7562919.357,"Pannawonica Red Hill","B1.11","B2.9","B5.12","B10.8","B15.6",1.36933942825306,1.36511674665692,1.36600313216079,-1.24838908602351,-1.37952513061626
"Dh_16.267",0.246616956641812,1.04303212415807,0.942493138896862,0.0642966248444901,0.665577129112684,424953.321,7546807.449,"Red Hill Hammersley Mid","B1.6","B2.6","B5.6","B10.6","B15.6",0.368504782975855,0.374193087368922,0.372662960295076,-0.308835096781187,-0.445314879690687
"Dh_16.268",0.239600665557404,1.01191580102164,0.914673078049499,0.089987584439473,0.678654555057235,425080.8507,7546979.861,"Red Hill Hammersley Mid","B1.6","B2.6","B5.6","B10.6","B15.6",0.113986388896196,0.108156773474922,0.109159659132742,-0.0642787994512121,-0.0955505994416413
"Dh_16.274",0.236200616419165,0.997654447003372,0.902500727414393,0.103017140298432,0.682461607409849,599003.4568,7657301.039,"Mallina Station","B1.44","B2.31","B5.27","B10.23","B15.17",-0.00935157357511584,-0.0137740227030964,-0.00613320786901777,0.0597515982822914,0.00627149701895955
"Dh_16.279",0.250620347394541,1.05872854557294,0.956572109846513,0.0503839752995836,0.659447240750782,652217.8295,7684285.06,"Mt Dove Mine","B1.58","B2.34","B5.29","B10.24","B15.15",0.513729171901547,0.508393329352203,0.506014765043314,-0.441271802626007,-0.609262739154651
"Dh_16.319",0.220534458509142,0.929796765625961,0.840724944113381,0.167896525099132,0.708132067641414,719916.251,7755009.802,"De grey Station","B1.76","B2.52","B5.41","B10.30","B15.20",-0.577646888676603,-0.593939209440874,-0.591254963030408,0.677348697419235,0.692844686928415
"Dh_16.320",0.250964187327824,1.06134715849057,0.959172987358398,0.036345659353282,0.661791101949033,720563.7836,7754735.871,"De grey Station","B1.76","B2.52","B5.41","B10.30","B15.20",0.526202084810496,0.530781775604899,0.530649499455317,-0.574904746770542,-0.546574643769066
"Dh_16.321",0.245381858285084,1.03682125485396,0.936842270224094,0.0640781121396659,0.671279890334298,719964.8036,7754949.945,"De grey Station","B1.76","B2.52","B5.41","B10.30","B15.20",0.323701161446609,0.321091801317282,0.319139621224079,-0.310915153690459,-0.292790813978726
"Dh_16.322",0.24882887847892,1.05140376135433,0.950192353000075,0.057084223266341,0.670846150064385,824482.7781,7687668.521,"Yarrie Station","B1.60","B2.37","B5.30","B10.25","B15.18",0.448743015260933,0.445768366079902,0.445587615049903,-0.37749108521509,-0.304391480192736
"Dh_16.323",0.235570284451809,0.995107877242524,0.899541071678239,0.0948991402670165,0.680139323151703,824450.7415,7687633.349,"Yarrie Station","B1.60","B2.37","B5.30","B10.25","B15.18",-0.0322170844466706,-0.0355465190639134,-0.0341661823854821,-0.0175249246933354,-0.0558395090404973
"Dh_16.324",0.251515151515152,1.06294529569363,0.960549449016853,0.0336718947887928,0.663125486673739,824420.2714,7687555.466,"Yarrie Station","B1.60","B2.37","B5.30","B10.25","B15.18",0.546188501917072,0.544445425025649,0.543686932871308,-0.600356733466721,-0.510885654606287
"Dh_16.325",0.239448275862069,1.01252619410899,0.915195890395749,0.091140620711371,0.679954465856781,824472.0773,7687557.34,"Yarrie Station","B1.60","B2.37","B5.30","B10.25","B15.18",0.108458399811315,0.113375472556847,0.114111581412177,-0.0533028652787259,-0.0607836378760442
"Dh_16.326",0.219431410433343,0.927974979023059,0.838434343989663,0.154795765478782,0.700393813059278,824693.8417,7687385.78,"Yarrie Station","B1.60","B2.37","B5.30","B10.25","B15.18",-0.617660340437307,-0.609515001940924,-0.612950842761014,0.552640499848112,0.4858800246332
"Dh_16.327",0.241339822502147,1.01790840121703,0.920503622953387,0.0931296107783498,0.676292022168341,824510.819,7687481.885,"Yarrie Station","B1.60","B2.37","B5.30","B10.25","B15.18",0.177074910638424,0.159391916510043,0.164384837761182,-0.034369355052762,-0.158738081362963
"Dh_16.333",0.235505245720596,0.995813588427155,0.900323878840519,0.0929155182912731,0.685249580956709,664960.7043,7690211.92,"Indee Quarry 2","B1.61","B2.39","B5.34","B10.24","B15.15",-0.0345763869930112,-0.0295128755190187,-0.0267516669188905,-0.036407335211972,0.0808376666233972
"Dh_16.337",0.225503726193762,0.952931842275378,0.861204905787275,0.132745761729262,0.696875554519456,664814.2511,7690797.601,"Indee Quarry 2","B1.61","B2.39","B5.34","B10.24","B15.15",-0.397384978840498,-0.396140437186185,-0.397274887344818,0.342743035599725,0.391781906920394
"Dh_16.338",0.217619442143054,0.921053307213938,0.832695695213977,0.158168316916551,0.703560266118559,664505.9711,7690853.893,"Indee Quarry 2","B1.61","B2.39","B5.34","B10.24","B15.15",-0.683390119008279,-0.668693460977002,-0.667305608730111,0.584744349030014,0.570568875475693
"Dh_16.342",0.265767006334343,1.12343804821305,1.01513029194036,0.0057343703411272,0.654807990744685,665129.2514,7690705.479,"Indee Quarry 2","B1.61","B2.39","B5.34","B10.24","B15.15",1.06317948156697,1.06164242246674,1.06066036328457,-0.866298436042167,-0.733342504252002
"Dh_16.343",0.203788748564868,0.855149484574173,0.773902033075479,0.212340275584051,0.726990861336781,665120.2722,7690770.88,"Indee Quarry 2","B1.61","B2.39","B5.34","B10.24","B15.15",-1.18510332847738,-1.23215367347493,-1.22418160357128,1.10041576962668,1.19723541574563
"Dh_16.347",0.246692392502756,1.04264065552003,0.942269119091837,0.0481494810702564,0.668223905207914,665033.3249,7690211.203,"Indee Quarry 2","B1.61","B2.39","B5.34","B10.24","B15.15",0.371241245011496,0.37084613429183,0.370541111659528,-0.462542305703524,-0.374525127957149
"Dh_16.859",0.248344370860927,1.04930086928695,0.948438897497785,0.0465190696804349,0.664381205237608,712923.997,7648751,"Abydos Turner Yandee","B1.38","B2.28","B5.24","B10.16","B15.12",0.431167333270633,0.427789196379492,0.42897940862542,-0.478062448933099,-0.477300643186666
"Dh_16.860",0.254405286343612,1.07538130365343,0.971562452782019,0.0281690600553301,0.662266570402037,713295.0028,7647885.999,"Abydos Turner Yandee","B1.38","B2.28","B5.24","B10.16","B15.12",0.651029145836193,0.650769996302139,0.647998812840094,-0.652739085408811,-0.53385793010147
"Dh_16.861",0.251445882676949,1.06332963325038,0.960712580407784,0.0331914991669075,0.660411701216934,713263.999,7647912,"Abydos Turner Yandee","B1.38","B2.28","B5.24","B10.16","B15.12",0.543675750771617,0.547731409248159,0.545232064647595,-0.60492969517753,-0.583467615389267
"Dh_16.863",0.249035812672176,1.05311663581438,0.951581451096592,0.0444077704347771,0.664747157509135,716106.0041,7649354,"Abydos Turner Yandee","B1.39","B2.28","B5.24","B10.16","B15.12",0.456249624937481,0.460412988631124,0.45874473703029,-0.498160239526117,-0.467513011171095
"Dh_16.866",0.261839207048458,1.10699211830909,1.00031166047948,0.00960036465324148,0.645607399028022,718404.0008,7655595,"Abydos Turner Yandee","B1.43","B2.28","B5.24","B10.16","B15.12",0.920697199334941,0.921034081596089,0.920302715252321,-0.829497426294986,-0.979418326305103
"Dh_16.898",0.162819329024315,0.680938675719711,0.616814225899374,0.385902685078958,0.78346380683347,824600.2352,7687382.284,"Yarrie Station","B1.60","B2.37","B5.30","B10.25","B15.18",-2.67128324068339,-2.72160990597794,-2.71207036090948,2.75258372640601,2.70764114994312
"Dh_16.905",0.239658025372311,1.01332612977895,0.915854009962457,0.077244356869086,0.680215560546568,425074.1328,7546961.792,"Red Hill Hammersley Mid","B1.6","B2.6","B5.6","B10.6","B15.6",0.116067136088581,0.120214710472439,0.120345093241592,-0.185583593035322,-0.0538004902262395
"Dh_16.906",0.23323212807066,0.986203230000752,0.891481323677765,0.104894475707252,0.683426301612533,425321.6965,7546783.529,"Red Hill Hammersley Mid","B1.6","B2.6","B5.6","B10.6","B15.6",-0.117034518626337,-0.111678892363312,-0.110505706454594,0.0776222502028655,0.0320728722202326
"Dh_16.908",0.245788456227561,1.0388089927692,0.938930795902843,0.0700712648343753,0.670170058782378,424545.8919,7546976.521,"Red Hill Hammersley Mid","B1.6","B2.6","B5.6","B10.6","B15.6",0.338450642919137,0.338086433544207,0.338921512210303,-0.253865387723853,-0.322473982180243
"Dh_17.052",0.251239669421488,1.06225055460519,0.959981989035531,0.0437176191926893,0.668902097554915,414916.996,7596337,"Pannawonica Yarraloola","B1.23","B2.17","B5.9","B10.10","B15.9",0.536195293363784,0.538505572895018,0.538312121537276,-0.504729898076187,-0.356386431616982
"Dh_17.057",0.242349048800662,1.02443399020856,0.925970770695542,0.0803023133448804,0.674119276881082,414614.0042,7597885,"Pannawonica Yarraloola","B1.23","B2.17","B5.9","B10.10","B15.9",0.213684944867451,0.215183972457083,0.216168027090065,-0.156474422926217,-0.216849570182312
"Dh_17.078",0.253443526170799,1.07130562887107,0.96804850544235,0.0253222023190391,0.659141194833136,718546.2325,7655522.634,"Abydos Turner Yandee","B1.43","B2.28","B5.24","B10.16","B15.12",0.616140961790051,0.615924057372409,0.614715753928267,-0.679838773314143,-0.617448136691021
"Dh_17.079",0.236965517241379,1.00258515042434,0.906164375087415,0.0806283262612577,0.676322139472509,713448.2506,7644683.54,"Abydos Turner Yandee","B1.38","B2.28","B5.24","B10.16","B15.12",0.0183954692083205,0.0283821844190454,0.0285677678561485,-0.153371054544191,-0.157932574433692
"Dh_17.088_MT",0.240011022320198,1.01451474635008,0.916720799291543,0.084316104020738,0.678331853980121,713098.2448,7646327.524,"Abydos Turner Yandee","B1.38","B2.28","B5.24","B10.16","B15.12",0.128872222880216,0.130377067053913,0.128555062690602,-0.118266516276556,-0.104181450073177
"Dh_17.093",0.255102040816327,1.07897834364326,0.975214975458141,0.0169748241791485,0.653709839091814,713114.2432,7648246.516,"Abydos Turner Yandee","B1.38","B2.28","B5.24","B10.16","B15.12",0.67630415614147,0.681523734641594,0.682594415919792,-0.759298782690495,-0.762713285940944
