"id","pop","lat","lon","Sex","Year","IBRA_SubRegion","Original_id","UTMX","UTMY","CoordLocation","Buffer_1km","Buffer_2km","Buffer_5km","Buffer_10km","Buffer_15km","Buffer_20km"
"Dh_11.285","Poondano",-20.43762213,118.8431876,"M",2011,"Chichester","11-285",692293.880656186,7739009.91970929,1,79,46,38,28,20,9
"Dh_11.292","Poondano",-20.50292001,118.8258183,"F",2011,"Chichester","11-292",690400.736643163,7731801.14977513,2,68,46,38,28,20,9
"Dh_11.307","Poondano",-20.45468951,118.8289203,"F",2011,"Chichester","11-307",690783.955655872,7737137.0805454,3,79,46,38,28,20,9
"Dh_11.309","Poondano",-20.50227942,118.8256632,"F",2011,"Chichester","11-309",690385.350031973,7731872.24950653,4,68,46,38,28,20,9
"Dh_11.310","Poondano",-20.5129243,118.826508,"M",2011,"Chichester","11-310",690460.304908031,7730692.78003134,5,68,46,38,28,20,9
"Dh_11.335","Poondano",-20.45519438,118.8260471,"M",2011,"Chichester","11-335",690483.537552322,7737084.52994338,6,79,46,38,28,20,9
"Dh_11.337","Poondano",-20.50116416,118.825765,"F",2011,"Chichester","11-337",690397.347205857,7731995.60031336,7,68,46,38,28,20,9
"Dh_11.338","Poondano",-20.45524565,118.8327215,"M",2011,"Chichester","11-338",691179.892430783,7737071.08037131,8,79,46,38,28,20,9
"Dh_11.401","Abydos Turner Yandee",-21.1742,119.0538,"M",2011,"Chichester","11-401",713234.335927216,7657192.12704669,9,46,28,24,16,12,9
"Dh_11.402","Abydos Turner Yandee",-21.1656,119.1061,"M",2011,"Chichester","11-402",718678.791235727,7658073.15428973,10,45,28,24,16,12,9
"Dh_11.404","Turner River",-21.6094,118.8253,"M",2011,"Chichester","11-404",688944.044879186,7609297.32113693,11,31,22,18,18,12,9
"Dh_11.405","Abydos Turner Yandee",-21.2124,119.0382,"M",2011,"Chichester","11-405",711559.746885469,7652983.2487675,12,40,28,24,16,12,9
"Dh_12.066","Tom Price East",-21.99548,118.8069,"M",2011,"Chichester","12-066",686538.052893022,7566571.451745,13,13,11,13,9,8,7
"Dh_12.071","Abydos Turner Yandee",-21.1653444,119.1096944,"M",2011,"Chichester","12-071",719052.503843314,7658096.49559519,14,45,28,24,16,12,9
"Dh_12.072","Abydos Turner Yandee",-21.1653444,119.1096944,"M",2011,"Chichester","12-072",719052.503843314,7658096.49559519,14,45,28,24,16,12,9
"Dh_12.073","Abydos Turner Yandee",-21.1653444,119.1096944,"F",2011,"Chichester","12-073",719052.503843314,7658096.49559519,14,45,28,24,16,12,9
"Dh_12.074","Abydos Turner Yandee",-21.1653444,119.1096944,"M",2011,"Chichester","12-074",719052.503843314,7658096.49559519,14,45,28,24,16,12,9
"Dh_12.075","Abydos Turner Yandee",-21.1653444,119.1096944,"M",2011,"Chichester","12-075",719052.503843314,7658096.49559519,14,45,28,24,16,12,9
"Dh_12.076","Abydos Turner Yandee",-21.1653444,119.1096944,"M",2011,"Chichester","12-076",719052.503843314,7658096.49559519,14,45,28,24,16,12,9
"Dh_12.078","Abydos Turner Yandee",-21.1653444,119.1096944,"M",2011,"Chichester","12-078",719052.503843314,7658096.49559519,14,45,28,24,16,12,9
"Dh_12.079","Abydos Turner Yandee",-21.1544694,119.0852972,"F",2011,"Chichester","12-079",716534.298325404,7659334.18743035,15,45,28,24,16,12,9
"Dh_12.080","Abydos Turner Yandee",-21.1544694,119.0852972,"M",2011,"Chichester","12-080",716534.298325404,7659334.18743035,15,45,28,24,16,12,9
"Dh_12.082","Abydos Turner Yandee",-21.146625,119.0947278,"F",2011,"Chichester","12-082",717525.346097262,7660189.89505102,16,45,28,24,16,12,9
"Dh_12.084","Abydos Turner Yandee",-21.1358861,119.1231556,"F",2011,"Chichester","12-084",720494.308316627,7661339.795546,17,52,28,24,16,12,9
"Dh_12.325","Abydos Turner Yandee",-21.1127222,119.1127222,"M",2012,"Chichester","12-325",719444.511830202,7663919.19855875,18,53,28,24,16,12,9
"Dh_12.331","McPhee Creek Mine",-21.6074722,120.0985833,"M",2012,"Chichester","12-331",820825.847553536,7607422.5697988,19,30,21,17,17,11,8
"Dh_12.339","McPhee Creek Mine",-21.5964444,120.1111389,"F",2012,"Chichester","12-339",822151.23521447,7608618.46893428,20,30,21,17,17,11,8
"Dh_12.385","Callawa",-20.6810278,120.3066111,"M",2012,"Chichester","12-385",844521.481577126,7709639.56357235,21,65,43,33,27,18,13
"Dh_12.387","Callawa",-20.6813611,120.3073611,"M",2012,"Chichester","12-387",844598.937208277,7709601.03523245,22,65,43,33,27,18,13
"Dh_12.390","Callawa",-20.6812778,120.3085556,"M",2012,"Chichester","12-390",844723.686982704,7709607.72285024,23,65,43,33,27,18,13
"Dh_12.391","Callawa",-20.6811111,120.3066667,"M",2012,"Chichester","12-391",844527.091154633,7709630.21496062,24,65,43,33,27,18,13
"Dh_12.393","Callawa",-20.6808056,120.3085,"M",2012,"Chichester","12-393",844718.957316839,7709660.16483526,25,65,43,33,27,18,13
"Dh_12.394","Cattle Nimingarra Shay",-20.4729167,120.1153056,"M",2012,"McLarty","12-394",825014.786806469,7733091.70805524,26,72,47,36,27,18,13
"Dh_12.395","Cattle Nimingarra Shay",-20.4738611,120.1156389,"F",2012,"McLarty","12-395",825047.593465847,7732986.41503875,27,72,47,36,27,18,13
"Dh_12.396","Nimingarra",-20.3910278,120.0384444,"F",2012,"McLarty","12-396",817158.298936188,7742314.5612808,28,74,50,40,27,18,13
"Dh_12.397","Nimingarra",-20.39375,120.0359444,"M",2012,"McLarty","12-397",816891.584737991,7742017.81435397,29,74,50,40,27,18,13
"Dh_12.399","Nimingarra",-20.3939722,120.0365278,"M",2012,"McLarty","12-399",816952.068403839,7741992.07187913,30,74,50,40,27,18,13
"Dh_12.400","Nimingarra",-20.3934722,120.0385278,"M",2012,"McLarty","12-400",817162.00176572,7742043.60059853,31,74,50,40,27,18,13
"Dh_12.401","Nimingarra",-20.3930833,120.0385833,"M",2012,"McLarty","12-401",817168.595957001,7742086.57713043,32,74,50,40,27,18,13
"Dh_12.402","Nimingarra",-20.3926667,120.0380278,"M",2012,"McLarty","12-402",817111.424730959,7742133.80280283,33,74,50,40,27,18,13
"Dh_12.403","Quarry Site 2a",-20.9193333,118.6853056,"M",2012,"Chichester","12-403",675264.702818798,7685859.38871433,34,59,35,28,24,15,9
"Dh_12.404","Quarry Site 2a",-20.9200556,118.6858611,"F",2012,"Chichester","12-404",675321.644637782,7685778.81745363,35,59,35,28,24,15,9
"Dh_12.406","Quarry Site 2a",-20.9201389,118.6841944,"M",2012,"Chichester","12-406",675148.181366532,7685771.41657103,36,59,35,28,24,15,9
"Dh_12.407","Quarry Site 2a",-20.9194444,118.6831944,"M",2012,"Chichester","12-407",675044.970420635,7685849.39470237,37,59,35,28,24,15,9
"Dh_12.410","Quarry Site 2a",-20.9574444,118.6961111,"M",2012,"Chichester","12-410",676344.026826094,7681628.3277652,38,57,36,28,24,15,9
"Dh_14.001","Dolphin Island",-20.49007,116.84913,"M",2012,"Roebourne","14-001",484267.610744211,7734278.78410119,39,73,48,39,29,19,14
"Dh_14.002","Dolphin Island",-20.49007,116.84913,"M",2012,"Roebourne","14-002",484267.610744211,7734278.78410119,39,73,48,39,29,19,14
"Dh_14.003","Dolphin Island",-20.49007,116.84913,"F",2012,"Roebourne","14-003",484267.610744211,7734278.78410119,39,73,48,39,29,19,14
"Dh_14.004","Dolphin Island",-20.49007,116.84913,"M",2012,"Roebourne","14-004",484267.610744211,7734278.78410119,39,73,48,39,29,19,14
"Dh_14.005","Dolphin Island",-20.49007,116.84913,"M",2012,"Roebourne","14-005",484267.610744211,7734278.78410119,39,73,48,39,29,19,14
"Dh_14.006","Dolphin Island",-20.49007,116.84913,"F",2012,"Roebourne","14-006",484267.610744211,7734278.78410119,39,73,48,39,29,19,14
"Dh_14.007","Dolphin Island",-20.49007,116.84913,"M",2013,"Roebourne","14-007",484267.610744211,7734278.78410119,39,73,48,39,29,19,14
"Dh_14.009","Dolphin Island",-20.49007,116.84913,"M",2013,"Roebourne","14-009",484267.610744211,7734278.78410119,39,73,48,39,29,19,14
"Dh_14.010","Dolphin Island",-20.49007,116.84913,"F",2013,"Roebourne","14-010",484267.610744211,7734278.78410119,39,73,48,39,29,19,14
"Dh_14.011","Dolphin Island",-20.49007,116.84913,"M",2013,"Roebourne","14-011",484267.610744211,7734278.78410119,39,73,48,39,29,19,14
"Dh_14.012","Dolphin Island",-20.49007,116.84913,"F",2013,"Roebourne","14-012",484267.610744211,7734278.78410119,39,73,48,39,29,19,14
"Dh_14.013","Dolphin Island",-20.49007,116.84913,"F",2013,"Roebourne","14-013",484267.610744211,7734278.78410119,39,73,48,39,29,19,14
"Dh_16.075","Meentheena CP",-21.35132899,120.475953,"M",2015,"Chichester","16-075",860563.212572024,7634983.57994057,40,36,25,21,13,13,10
"Dh_16.080","Poondano",-20.45580503,118.816961,"M",2015,"Chichester","16-080",689534.731957117,7737027.46278036,41,79,46,38,28,20,9
"Dh_16.084","Poondano",-20.448503,118.7738377,"F",2015,"Chichester","16-084",685044.002650692,7737885.13344614,42,80,46,38,28,20,9
"Dh_16.087","Poondano",-20.497562,118.8240509,"M",2015,"Chichester","16-087",690222.996326902,7732396.38675242,43,68,46,38,28,20,9
"Dh_16.088","Mt Florance Station",-21.77477896,117.911578,"F",2015,"Chichester","16-088",594244.603332384,7591823.38224024,44,21,14,14,11,10,6
"Dh_16.092","Mt Florance Station",-21.77271802,117.920635,"F",2015,"Chichester","16-092",595182.39071264,7592045.95992832,45,21,14,14,11,10,6
"Dh_16.093","Dolphin Island",-20.48935804,116.830616,"M",2015,"Roebourne","16-093",482336.9262775,7734355.68556827,46,73,48,39,29,19,14
"Dh_16.098","Quoll knoll",-22.0966,119.2371,"M",2015,"Chichester","16-098",730800.971112737,7554785.18316677,47,7,7,7,4,4,3
"Dh_16.100","Quoll knoll",-22.09745,119.23656,"M",2014,"Chichester","16-100",730743.856010748,7554691.86608982,48,7,7,7,4,4,3
"Dh_16.103","Quoll knoll",-22.09662,119.23706,"F",2014,"Chichester","16-103",730796.810261545,7554783.02886746,49,7,7,7,4,4,3
"Dh_16.105","Pannawonica Yarraloola",-21.84405,116.086406,"F",2015,"Hamersley","16-105",405592.385329063,7584154.28447031,50,17,17,9,10,9,5
"Dh_16.111","Pannawonica Yarraloola",-21.78438999,116.1496599,"M",2015,"Hamersley","16-111",412092.761861252,7590795.63503777,51,19,17,9,10,9,5
"Dh_16.112","Pannawonica Yarraloola",-21.75297981,116.0165271,"F",2015,"Hamersley","16-112",398306.582257577,7594190.82657306,52,22,15,9,10,9,5
"Dh_16.114","Pannawonica Yarraloola",-21.77173994,116.1592249,"M",2015,"Hamersley","16-114",413074.00924527,7592201.30679989,53,19,17,9,10,9,5
"Dh_16.143","Red Hill Chichester",-21.14653,116.21612,"M",2015,"Roebourne","16-143",418610.166651174,7661434.48338261,54,51,32,26,22,16,12
"Dh_16.145","Red Hill Chichester",-21.14635,116.21632,"M",2015,"Roebourne","16-145",418630.835195367,7661454.50869726,55,51,32,26,22,16,12
"Dh_16.146","Red Hill Chichester",-21.08828,116.25264,"M",2015,"Roebourne","16-146",422371.882438001,7667899.94938363,56,54,38,26,22,16,12
"Dh_16.148","Red Hill Chichester",-21.15287,116.25345,"M",2015,"Roebourne","16-148",422489.586807394,7660751.43800311,57,50,32,26,22,16,12
"Dh_16.149","Red Hill Chichester",-21.19321,116.23553,"F",2015,"Chichester","16-149",420650.483272548,7656277.6589637,58,42,30,26,22,16,12
"Dh_16.150","Red Hill Chichester",-21.14635,116.21632,"M",2015,"Roebourne","16-150",418630.835195367,7661454.50869726,55,51,32,26,22,16,12
"Dh_16.152","Red Hill Chichester",-21.14582,116.21691,"M",2015,"Roebourne","16-152",418691.808239279,7661513.47253005,59,51,32,26,22,16,12
"Dh_16.155","Red Hill Chichester",-21.14934,116.21376,"M",2015,"Roebourne","16-155",418366.657568886,7661122.25440001,60,51,32,26,22,16,12
"Dh_16.156","Red Hill Chichester",-21.14934,116.21376,"M",2015,"Roebourne","16-156",418366.657568886,7661122.25440001,60,51,32,26,22,16,12
"Dh_16.158","Red Hill Chichester",-21.19684,116.25483,"F",2015,"Chichester","16-158",422655.735332288,7655885.42423283,61,41,30,26,22,16,12
"Dh_16.159","Red Hill Chichester",-21.08626,116.25597,"F",2015,"Roebourne","16-159",422716.738704479,7668125.14456236,62,54,38,26,22,16,12
"Dh_16.183","Karratha Roeburn",-20.734817,116.846368,"M",2015,"Roebourne","16-183",484005.163029546,7707192.84368961,63,63,41,31,26,19,14
"Dh_16.200","Callawa",-20.68144,120.30688,"M",2013,"Chichester","16-200",844548.590181444,7709593.31632444,64,65,43,33,27,18,13
"Dh_16.203","Callawa",-20.68071,120.30811,"F",2013,"Chichester","16-203",844678.504576276,7709671.58834378,65,65,43,33,27,18,13
"Dh_16.207","Nimingarra",-20.39181,120.03847,"M",2013,"McLarty","16-207",817159.370302639,7742227.85686062,66,74,50,40,27,18,13
"Dh_16.229","Pannawonica Red Hill",-22.013848,116.533176,"M",2014,"Hamersley","16-229",451818.326215596,7565566.68768118,67,12,9,12,8,6,5
"Dh_16.230","Pannawonica Yarraloola",-21.79902,116.159946,"M",2014,"Hamersley","16-230",413164.998688827,7589182.03414687,68,19,17,9,10,9,5
"Dh_16.231","Pannawonica Yarraloola",-21.786242,116.134639,NA,2014,"Hamersley","16-231",410540.981296859,7590582.00234894,69,19,17,9,10,9,5
"Dh_16.233","Pannawonica Yarraloola",-21.797111,116.159415,"M",2014,"Hamersley","16-233",413108.955942678,7589393.04610545,70,19,17,9,10,9,5
"Dh_16.236","Pannawonica Yarraloola",-21.797203,116.159628,"F",2014,"Hamersley","16-236",413131.030313642,7589382.98239184,71,19,17,9,10,9,5
"Dh_16.239","Coolawanyah Station North",-21.478777,117.914488,"M",2014,"Chichester","16-239",594738.231711546,7624586.45184995,72,34,24,20,20,10,6
"Dh_16.241","Coolawanyah Station North",-21.481725,117.914938,"F",2014,"Chichester","16-241",594782.945039518,7624259.86683794,73,34,24,20,20,10,6
"Dh_16.242","Coolawanyah Station North",-21.482287,117.915391,"M",2014,"Chichester","16-242",594829.512494608,7624197.38481893,74,34,24,20,20,10,6
"Dh_16.251","Coolawanyah Station South",-21.69021,117.863437,"F",2014,"Chichester","16-251",589319.443081803,7601213.05678222,75,27,19,16,11,10,6
"Dh_16.253","Coolawanyah Station South",-21.688592,117.868643,"M",2014,"Chichester","16-253",589859.018675633,7601389.14610274,76,27,19,16,11,10,6
"Dh_16.255","Coolawanyah Station South",-21.690379,117.868146,"M",2014,"Chichester","16-255",589806.494587613,7601191.62909566,77,27,19,16,11,10,6
"Dh_16.256","Coolawanyah Station South",-21.694179,117.85919,"M",2014,"Chichester","16-256",588877.64681306,7600776.16560739,78,27,19,16,11,10,6
"Dh_16.257","Pannawonica Red Hill",-22.011,116.532,"M",2012,"Hamersley","16-257",451695.982238525,7565881.55828262,79,12,9,12,8,6,5
"Dh_16.260","Pannawonica Red Hill",-22.01012,116.48648,"M",2012,"Hamersley","16-260",446997.279768022,7565963.88193701,80,15,9,12,8,6,5
"Dh_16.261","Pannawonica Red Hill",-22.052558,116.553632,"M",2012,"Hamersley","16-261",453942.178174721,7561288.2287483,81,9,9,12,8,6,5
"Dh_16.262","Pannawonica Red Hill",-22.052558,116.553632,"M",2012,"Hamersley","16-262",453942.178174721,7561288.2287483,81,9,9,12,8,6,5
"Dh_16.263","Pannawonica Red Hill",-22.039309,116.553333,"F",2012,"Hamersley","16-263",453907.034499278,7562754.65747669,82,9,9,12,8,6,5
"Dh_16.270","Cane River CP",-21.98904304,115.56981,"F",2014,"Hamersley","16-270",352352.132862715,7567695.7422415,83,14,12,8,5,5,4
"Dh_16.281","McPhee Creek Mine",-21.615736,120.076817,"F",2014,"Chichester","16-281",818552.452105178,7606551.75755741,84,32,21,17,17,11,8
"Dh_16.285","Millstream Python",-21.33392103,117.240584,"F",2014,"Chichester","16-285",524947.63027743,7640876.62367137,85,37,26,22,14,14,11
"Dh_16.286","Millstream Python",-21.33058185,117.2393083,"M",2014,"Chichester","16-286",524815.906078768,7641246.39830997,86,37,26,22,14,14,11
"Dh_16.287","Millstream Python",-21.33392103,117.240584,"M",2014,"Chichester","16-287",524947.63027743,7640876.62367137,85,37,26,22,14,14,11
"Dh_16.311","Dolphin Island",-20.48865203,116.831265,"M",2014,"Roebourne","16-311",482404.522495829,7734433.8871464,87,73,48,39,29,19,14
"Dh_16.352","Quarry Site 1a",-20.50552,118.628566,"F",2012,"Chichester","16-352",669823.460081105,7731730.63230111,88,69,54,37,28,20,9
"Dh_16.353","Quarry Site 1a",-20.5296,118.649695,"M",2012,"Chichester","16-353",672000.298980532,7729042.85236027,89,70,54,37,28,20,9
"Dh_16.355","Quarry Site 1a",-20.5296,118.649695,"M",2012,"Chichester","16-355",672000.298980532,7729042.85236027,89,70,54,37,28,20,9
"Dh_16.421","Quarry Site 1a",-20.5291,118.6494,NA,2009,"Chichester","16-421",671970.094219049,7729098.51380256,90,70,54,37,28,20,9
"Dh_16.426","Quarry Site 1b",-21.3994,118.9042,NA,2009,"Chichester","16-426",697396.84151289,7632451.48612244,91,35,27,23,15,12,9
"Dh_16.435","Quarry Site 2a",-20.96974,118.75231,NA,2013,"Chichester","16-435",682173.448698152,7680204.14403853,92,56,33,28,24,15,9
"Dh_16.440","Karratha Chichester",-20.7272,116.98541,NA,2013,"Chichester","16-440",498480.940585702,7708043.33519776,93,64,42,32,26,19,14
"Dh_16.441","De grey Station",-20.3388,119.1238,NA,2012,"Roebourne","16-441",721720.175520912,7749597.6386329,94,75,51,41,30,20,9
"Dh_16.443","Quarry Site 2a",-20.9816,118.73626,NA,2013,"Chichester","16-443",680490.228270119,7678909.30680779,95,55,33,28,24,15,9
"Dh_16.445","Quarry Site 2b",-20.03331,119.19054,NA,2013,"Roebourne","16-445",729136.709956462,7783331.58132843,96,77,53,42,31,20,9
"Dh_16.447","Quarry Site 2a",-20.9692,118.75178,NA,2013,"Chichester","16-447",682118.990379715,7680264.53134264,97,56,33,28,24,15,9
"Dh_16.450","Indee Quarry 2",-20.80153,118.64848,NA,2013,"Chichester","16-450",671567.844380993,7698940.64735309,98,62,40,35,24,15,9
"Dh_16.453","Indee Quarry 2",-20.80153,118.64848,NA,2013,"Chichester","16-453",671567.844380993,7698940.64735309,98,62,40,35,24,15,9
"Dh_16.465","Wodgina",-21.16889,118.64972,NA,2014,"Chichester","16-465",671277.444905091,7658270.04070683,99,47,29,25,21,15,9
"Dh_16.467","Abydos Turner Yandee",-21.14889,119.10806,NA,2014,"Chichester","16-467",718906.951062745,7659920.75786508,100,45,28,24,16,12,9
"Dh_16.468","Wodgina",-21.19778,118.655,NA,2014,"Chichester","16-468",671792.345511693,7655065.93195934,101,49,29,25,21,15,9
"Dh_16.473","Wodgina",-21.17111,118.65083,NA,2014,"Chichester","16-473",671390.153146454,7658023.06714548,102,47,29,25,21,15,9
"Dh_16.479","Koodaideri West",-22.5051,118.9388,NA,2013,"Hamersley","16-479",699435.233683454,7509971.92244463,103,3,3,3,3,1,1
"Dh_16.480","Koodaideri East",-22.5869,119.0911,NA,2013,"Hamersley","16-480",714979.563899635,7500701.87637014,104,1,1,1,3,1,1
"Dh_16.493","Tom Price West",-22.09889,117.8775,NA,2013,"Hamersley","16-493",590515.913185794,7555966.46296882,105,8,8,11,7,7,6
"Dh_16.496","Tom Price East",-22.04139,118.74722,NA,2013,"Chichester","16-496",680317.356654665,7561559.74617951,106,10,10,13,9,8,7
"Dh_16.497","Tom Price East",-22.04083,118.74889,NA,2013,"Chichester","16-497",680490.453900151,7561619.77717862,107,10,10,13,9,8,7
"Dh_16.498","Tom Price East",-22.04056,118.74917,NA,2013,"Chichester","16-498",680519.699796781,7561649.34140995,108,10,10,13,9,8,7
"Dh_16.554","Red Hill Hammersley North",-21.93667,116.12767,NA,2012,"Hamersley","16-554",409914.909979962,7573926.55235933,109,16,13,10,10,9,5
"Dh_16.555","Red Hill Hammersley North",-21.93767,116.13733,NA,2012,"Hamersley","16-555",410913.171148329,7573821.50149588,110,16,13,10,10,9,5
"Dh_16.881","Karijini NP",-22.47732804,118.562863,"M",2016,"Hamersley","16-881",660788.808298696,7513499.43714397,111,4,4,4,2,3,1
"Dh_16.882","Karijini NP",-22.47574101,118.562164,"F",2016,"Hamersley","16-882",660718.713890285,7513675.90604787,112,4,4,4,2,3,1
"Dh_16.883","Karijini NP",-22.48075599,118.564248,"F",2016,"Hamersley","16-883",660927.360682032,7513118.40076268,113,4,4,4,2,3,1
"Dh_16.910","Karlamilyi East",-22.46521,122.26054,"M",2016,"Rudall","16-910",1041751.04719656,7506157.57520727,114,2,2,2,1,2,2
"Dh_17.053","Pannawonica",-21.70945392,116.4783567,"M",2015,"Chichester","17-053",446046.001924119,7599241.00037345,115,26,18,15,12,9,5
"Dh_17.055","Pannawonica",-21.68847944,116.4912503,"M",2015,"Chichester","17-055",447372.001783859,7601566.99940067,116,29,18,15,12,9,5
"Dh_17.056","Pannawonica",-21.67344322,116.4036452,"F",2015,"Hamersley","17-056",438303.004040878,7603198.99985657,117,28,20,15,12,9,5
"Dh_2012.077","Abydos Turner Yandee",-21.1653444,119.1096944,"M",2011,"Chichester","2012-077",719052.503843314,7658096.49559519,14,45,28,24,16,12,9
"Dh_2012.088","McPhee Creek Mine",-21.5930556,120.1103056,"F",2011,"Chichester","2012-088",822072.395904721,7608995.67638666,118,30,21,17,17,11,8
"Dh_11.306","Poondano",-20.45723332,118.9309811,"F",2011,"Chichester","11-306",701430.10364985,7736733.28994432,119,78,49,38,28,20,9
"Dh_11.313","Poondano",-20.48227683,118.8310139,"F",2011,"Chichester","11-313",690968.2636055,7734080.47959279,120,68,46,38,28,20,9
"Dh_11.314","Poondano",-20.50821965,118.8267037,"F",2011,"Chichester","11-314",690486.537206137,7731213.39986155,121,68,46,38,28,20,9
"Dh_11.326","Poondano",-20.4551211,118.9242276,"M",2011,"Chichester","11-326",700728.156881951,7736975.43000391,122,78,49,38,28,20,9
"Dh_11.329","Poondano",-20.45539576,118.8375417,"F",2011,"Chichester","11-329",691682.655104423,7737048.83017645,123,79,46,38,28,20,9
"Dh_11.330","Poondano",-20.45393632,118.7790742,"F",2011,"Chichester","11-330",685583.871572556,7737277.71016967,124,80,46,38,28,20,9
"Dh_11.333","Poondano",-20.45497358,118.841708,"F",2011,"Chichester","11-333",692117.900549632,7737090.68976576,125,79,46,38,28,20,9
"Dh_11.397","Abydos Turner Yandee",-21.1942,119.0259,"M",2011,"Chichester","11-397",710308.425391441,7655014.87272689,126,48,28,24,16,12,9
"Dh_11.400","Abydos Turner Yandee",-21.1656,119.054,"M",2011,"Chichester","11-400",713267.441053694,7658144.11789996,127,46,28,24,16,12,9
"Dh_11.409","Abydos Turner Yandee",-21.2499,119.0518,"M",2011,"Chichester","11-409",712917.966514436,7648812.68658672,128,38,28,24,16,12,9
"Dh_11.411","Abydos Turner Yandee",-21.2285,119.0376,"M",2011,"Chichester","11-411",711474.491622966,7651201.33594522,129,40,28,24,16,12,9
"Dh_11.412","Abydos Turner Yandee",-21.2729,119.054,"M",2011,"Chichester","11-412",713113.21433628,7646262.95399419,130,38,28,24,16,12,9
"Dh_11.413","Abydos Turner Yandee",-21.2873,119.0561,"F",2011,"Chichester","11-413",713310.393938394,7644665.61507826,131,38,28,24,16,12,9
"Dh_12.087","Abydos Turner Yandee",-21.1277083,119.1379972,"F",2011,"Chichester","12-087",722048.359559008,7662224.65516546,132,52,28,24,16,12,9
"Dh_12.260","Quarry Site 1a",-20.5208333,118.6891667,"F",2011,"Chichester","12-260",676126.622129543,7729971.28091766,133,71,55,37,28,20,9
"Dh_12.277","Cattle Nimingarra Shay",-20.5327778,120.1594444,"M",2011,"Chichester","12-277",829495.015304217,7726371.08905534,134,67,45,36,27,18,13
"Dh_12.279","Cattle Nimingarra Shay",-20.5497222,120.2408333,"M",2011,"Chichester","12-279",837952.461030551,7724327.03923845,135,66,44,36,27,18,13
"Dh_12.284","Cattle Nimingarra Shay",-20.5486111,120.2402778,"M",2011,"Chichester","12-284",837896.933411168,7724451.30278786,136,66,44,36,27,18,13
"Dh_12.285","Callawa",-20.6822222,120.3105556,"M",2011,"Chichester","12-285",844930.107528446,7709498.81605827,137,65,43,33,27,18,13
"Dh_12.292","Callawa",-20.6816667,120.3116667,"M",2011,"Chichester","12-292",845047.229561793,7709558.00262456,138,65,43,33,27,18,13
"Dh_12.296","Quarry Site 2c",-21.4877778,119.1338889,"M",2011,"Chichester","12-296",721081.678486543,7622358.58073023,139,33,23,19,19,12,9
"Dh_12.297","Quarry Site 2c",-21.4877778,119.1336111,"M",2011,"Chichester","12-297",721052.887199049,7622358.97367006,140,33,23,19,19,12,9
"Dh_12.344","Red Hill Hammersley South",-22.3538889,116.3277778,"M",2011,"Hamersley","12-344",430784.99623158,7527847.22461736,141,5,5,5,6,6,5
"Dh_16.107","Pannawonica Yarraloola",-21.78422,116.156425,"M",2015,"Hamersley","16-107",412792.064765013,7590818.28869178,142,19,17,9,10,9,5
"Dh_16.117","Pannawonica Yarraloola",-21.72860742,115.957545,"M",2015,"Hamersley","16-117",392189.032217624,7596848.78173113,143,24,16,9,10,9,5
"Dh_16.118","Pannawonica Yarraloola",-21.80915399,116.165388,"M",2015,"Hamersley","16-118",413733.628149544,7588063.33668304,144,19,17,9,10,9,5
"Dh_16.120","Pannawonica Yarraloola",-21.80924996,116.1648298,"F",2015,"Hamersley","16-120",413675.986566755,7588052.40119145,145,19,17,9,10,9,5
"Dh_16.121","Pannawonica Yarraloola",-21.81292199,116.1662879,"M",2015,"Hamersley","16-121",413828.902641779,7587646.75245805,146,19,17,9,10,9,5
"Dh_16.123","Pannawonica Yarraloola",-21.79496099,116.0986509,"F",2015,"Hamersley","16-123",406826.031961402,7589595.57850155,147,20,17,9,10,9,5
"Dh_16.125","Pannawonica Yarraloola",-21.79461197,116.0925219,"F",2015,"Hamersley","16-125",406192.201235263,7589630.49898887,148,20,17,9,10,9,5
"Dh_16.128","Pannawonica Yarraloola",-21.76917675,116.0154788,"F",2015,"Hamersley","16-128",398209.600551686,7592397.2210664,149,22,15,9,10,9,5
"Dh_16.129","Pannawonica Yarraloola",-21.78337997,116.156684,"M",2015,"Hamersley","16-129",412818.333401724,7590911.41943824,150,19,17,9,10,9,5
"Dh_16.132","Pannawonica Yarraloola",-21.82006597,116.108757,"M",2015,"Hamersley","16-132",407886.837926023,7586822.69757963,151,18,17,9,10,9,5
"Dh_16.134","Pannawonica Yarraloola",-21.7287199,115.9585818,"F",2015,"Hamersley","16-134",392296.350772006,7596837.05270257,152,24,16,9,10,9,5
"Dh_16.135","Pannawonica Yarraloola",-21.74159895,116.1405129,"F",2015,"Hamersley","16-135",411120.757070972,7595527.01923153,153,25,17,9,10,9,5
"Dh_16.137","Pannawonica Yarraloola",-21.842698,116.084481,"M",2015,"Hamersley","16-137",405392.560400835,7584302.76136712,154,17,17,9,10,9,5
"Dh_16.138","Pannawonica Yarraloola",-21.77895558,116.1451459,"M",2015,"Hamersley","16-138",411622.753596621,7591394.60356527,155,19,17,9,10,9,5
"Dh_16.139","Pannawonica Yarraloola",-21.809825,116.168154,"F",2015,"Hamersley","16-139",414019.94014282,7587990.60612951,156,19,17,9,10,9,5
"Dh_16.140","Pannawonica Yarraloola",-21.77439792,116.1643412,"M",2015,"Hamersley","16-140",413604.592164257,7591909.96160193,157,19,17,9,10,9,5
"Dh_16.249","Coolawanyah Station South",-21.691895,117.860076,"F",2014,"Chichester","16-249",588970.705717994,7601028.47545953,158,27,19,16,11,10,6
"Dh_16.254","Coolawanyah Station South",-21.689725,117.865248,"F",2014,"Chichester","16-254",589507.094564035,7601265.69729208,159,27,19,16,11,10,6
"Dh_16.266","Pannawonica Red Hill",-22.037695,116.509284,"M",2012,"Hamersley","16-266",449360.829407081,7562919.35680906,160,11,9,12,8,6,5
"Dh_16.267","Red Hill Hammersley Mid",-22.18236602,116.27203,"F",2014,"Hamersley","16-267",424953.321003096,7546807.44874429,161,6,6,6,6,6,5
"Dh_16.268","Red Hill Hammersley Mid",-22.18081403,116.273275,"F",2014,"Hamersley","16-268",425080.850718463,7546979.86125836,162,6,6,6,6,6,5
"Dh_16.274","Mallina Station",-21.18300201,117.953743,"F",2014,"Chichester","16-274",599003.456849704,7657301.03854256,163,44,31,27,23,17,6
"Dh_16.279","Mt Dove Mine",-20.935597,118.463889,"F",2014,"Chichester","16-279",652217.829547485,7684285.05965747,164,58,34,29,24,15,9
"Dh_16.319","De grey Station",-20.29013604,119.105868,"M",2014,"Roebourne","16-319",719916.250988328,7755009.8016479,165,76,52,41,30,20,9
"Dh_16.320","De grey Station",-20.29253502,119.112099,"F",2014,"Roebourne","16-320",720563.783577603,7754735.87127733,166,76,52,41,30,20,9
"Dh_16.321","De grey Station",-20.29067097,119.10634,"M",2014,"Roebourne","16-321",719964.803621503,7754949.94493046,167,76,52,41,30,20,9
"Dh_16.322","Yarrie Station",-20.88284204,120.118579,"M",2014,"Chichester","16-322",824482.778111884,7687668.52100811,168,60,37,30,25,18,13
"Dh_16.323","Yarrie Station",-20.88316499,120.118278,"M",2014,"Chichester","16-323",824450.741494949,7687633.34862788,169,60,37,30,25,18,13
"Dh_16.324","Yarrie Station",-20.88387301,120.118,"F",2014,"Chichester","16-324",824420.271423208,7687555.46610839,170,60,37,30,25,18,13
"Dh_16.325","Yarrie Station",-20.88384703,120.118497,"M",2014,"Chichester","16-325",824472.077320354,7687557.33955391,171,60,37,30,25,18,13
"Dh_16.326","Yarrie Station",-20.88535602,120.120658,"M",2014,"Chichester","16-326",824693.841683887,7687385.77995168,172,60,37,30,25,18,13
"Dh_16.327","Yarrie Station",-20.88452102,120.118883,"M",2014,"Chichester","16-327",824510.818982796,7687481.88455364,173,60,37,30,25,18,13
"Dh_16.333","Indee Quarry 2",-20.88096902,118.585841,"M",2014,"Chichester","16-333",664960.704340879,7690211.92006434,174,61,39,34,24,15,9
"Dh_16.337","Indee Quarry 2",-20.87569202,118.584378,"M",2014,"Chichester","16-337",664814.251085934,7690797.60084238,175,61,39,34,24,15,9
"Dh_16.338","Indee Quarry 2",-20.87521099,118.58141,"F",2014,"Chichester","16-338",664505.971061243,7690853.89302944,176,61,39,34,24,15,9
"Dh_16.342","Indee Quarry 2",-20.87649602,118.587414,"M",2014,"Chichester","16-342",665129.251386784,7690705.47919887,177,61,39,34,24,15,9
"Dh_16.343","Indee Quarry 2",-20.8759061,118.5873215,"F",2014,"Chichester","16-343",665120.272199998,7690770.88017917,178,61,39,34,24,15,9
"Dh_16.347","Indee Quarry 2",-20.88096902,118.586539,"F",2014,"Chichester","16-347",665033.324907117,7690211.20330011,179,61,39,34,24,15,9
"Dh_16.859","Abydos Turner Yandee",-21.2504563,119.0518658,"F",2015,"Chichester","16-859",712923.996959969,7648750.99951697,180,38,28,24,16,12,9
"Dh_16.860","Abydos Turner Yandee",-21.25822331,119.0555477,"M",2015,"Chichester","16-860",713295.002763793,7647885.99927237,181,38,28,24,16,12,9
"Dh_16.861","Abydos Turner Yandee",-21.25799218,119.0552458,"F",2015,"Chichester","16-861",713263.998971758,7647911.99982481,182,38,28,24,16,12,9
"Dh_16.863","Abydos Turner Yandee",-21.24463569,119.0824378,"F",2015,"Chichester","16-863",716106.004078965,7649354.00032639,183,39,28,24,16,12,9
"Dh_16.866","Abydos Turner Yandee",-21.18800902,119.1037714,"M",2015,"Chichester","16-866",718404.000805516,7655595.00036942,184,43,28,24,16,12,9
"Dh_16.898","Yarrie Station",-20.88540397,120.11976,"F",2016,"Chichester","16-898",824600.23523575,7687382.28446916,185,60,37,30,25,18,13
"Dh_16.905","Red Hill Hammersley Mid",-22.18097697,116.273209,"F",2016,"Hamersley","16-905",425074.13279991,7546961.79205549,186,6,6,6,6,6,5
"Dh_16.906","Red Hill Hammersley Mid",-22.18259803,116.275602,"M",2016,"Hamersley","16-906",425321.696478761,7546783.52871952,187,6,6,6,6,6,5
"Dh_16.908","Red Hill Hammersley Mid",-22.18082098,116.268086,"M",2016,"Hamersley","16-908",424545.89191231,7546976.52097249,188,6,6,6,6,6,5
"Dh_17.052","Pannawonica Yarraloola",-21.73446816,116.1772623,"F",2016,"Hamersley","17-052",414916.995980998,7596336.99981676,189,23,17,9,10,9,5
"Dh_17.057","Pannawonica Yarraloola",-21.72046906,116.1744125,"F",2016,"Hamersley","17-057",414614.00420353,7597885.00030901,190,23,17,9,10,9,5
"Dh_17.078","Abydos Turner Yandee",-21.18864538,119.10515,"F",2017,"Chichester","17-078",718546.232516959,7655522.63427863,191,43,28,24,16,12,9
"Dh_17.079","Abydos Turner Yandee",-21.28712192,119.0574259,"M",2017,"Chichester","17-079",713448.250632328,7644683.53974903,192,38,28,24,16,12,9
"Dh_17.088_MT","Abydos Turner Yandee",-21.27231872,119.0538477,"F",2017,"Chichester","17-088_MT",713098.244838994,7646327.52425762,193,38,28,24,16,12,9
"Dh_17.093","Abydos Turner Yandee",-21.25498924,119.0537614,"M",2017,"Chichester","17-093",713114.243184579,7648246.51602777,194,38,28,24,16,12,9
